<?xml version="1.0" encoding="utf-8" standalone="yes"?>

<?xml-stylesheet href="./_c74_ref.xsl" type="text/xsl"?>

<!--This is an automatically generated file. DO NOT EDIT THIS FILE DIRECTLY. Rather, use the _ref.xml files found in the 'edits' folder.-->
<c74object name="hoa.freeverb~" module="hoa" category="ambisonic">
	<digest>
		An implementation of the freeverb algorithm for ambisonic.
	</digest>
	<description>
		<o>
			hoa.freeverb~
		</o>
        is based on Schroeder/Moorer reverberation model that uses eight parallel comb filters and four cascaded allpass filters adapted to ambisonic domain.
	</description>
	<!--METADATA-->
	<metadatalist>
		<metadata name="author">
			HoaLibrary by Julien Colafrancesco, Pierre Guillot, Eliott Paris.
		</metadata>
		<metadata name="tag">
			Ambisonic spatialization.
		</metadata>
	</metadatalist>
    
	<!--INLETS-->
	<inletlist>
		<inlet id="0" name="signal">
			<digest>
				Harmonics signal inputs.
			</digest>
			<description>
				Harmonics signal inputs.
			</description>
		</inlet>
	</inletlist>
    
	<!--OUTLETS-->
	<outletlist>
		<outlet id="0" name="signal">
			<digest>
				Harmonics signal outputs.
			</digest>
			<description>
				Harmonics signal outputs.
			</description>
		</outlet>
	</outletlist>
    
	<!--ARGUMENTS-->
	<objarglist>
		<objarg name="ambisonic-order" type="int" optional="0">
			<digest>
				Ambisonic order.
			</digest>
			<description>
				Sets the ambisonic order.
			</description>
		</objarg>
	</objarglist>
    
	<!--MESSAGES-->
	<methodlist>
		<method name="signal">
			<arglist />
			<digest>
				Harmonics signals.
			</digest>
			<description>
				Harmonics signals.
			</description>
		</method>
	</methodlist>
    
	<!--ATTRIBUTES-->
	<attributelist>
		<attribute name="size" get="1" set="1" type="float" size="1">
			<digest>
				Size of the Room.
			</digest>
			<description>
				Sets the Size of the Room (0-1).
			</description>
		</attribute>
		<attribute name="damp" get="1" set="1" type="float" size="1">
			<digest>
				Damping Value.
			</digest>
			<description>
				Sets the Damping Value (0-1).
			</description>
		</attribute>
		<attribute name="dry" get="1" set="1" type="float" size="1">
			<digest>
				Dry Value.
			</digest>
			<description>
				Sets the Dry Value (0-1).
			</description>
		</attribute>
		<attribute name="wet" get="1" set="1" type="float" size="1">
			<digest>
				Wet Value.
			</digest>
			<description>
				Sets the Wet Value (0-1).
			</description>
		</attribute>
		<attribute name="freeze" get="1" set="1" type="int" size="1">
			<digest>
				Freeze the reverb.
			</digest>
			<description>
				1 Freeze, 0 unFreeze the Reverberation.
			</description>
		</attribute>
		<attribute name="fspread" get="1" set="1" type="float" size="1">
			<digest>
				First spread (0-1).
			</digest>
			<description>
				Sets the First spread factor (0-1).
			</description>
		</attribute>
		<attribute name="lspread" get="1" set="1" type="float" size="1">
			<digest>
				Late spread (0-1).
			</digest>
			<description>
				Sets the Late spread factor (0-1).
			</description>
		</attribute>
	</attributelist>
	<!--EXAMPLE-->
	<examplelist>
		<example img="" />
	</examplelist>
	<!--SEEALSO-->
	<seealsolist>
		<seealso name="hoa.connect" />
		<seealso name="hoa.convolve~" />
		<seealso name="hoa.dac~" />
		<seealso name="hoa.decoder~" />
		<seealso name="hoa.encoder~" />
		<seealso name="hoa.gain~" />
		<seealso name="hoa.freeverb~" />
		<seealso name="hoa.map" />
		<seealso name="hoa.map~" />
        <seealso name="hoa.meter~" />
        <seealso name="hoa.optim~" />
        <seealso name="hoa.pi" />
        <seealso name="hoa.pi~" />
        <seealso name="hoa.play~" />
        <seealso name="hoa.plug~" />
        <seealso name="hoa.projector~" />
        <seealso name="hoa.recomposer" />
        <seealso name="hoa.recomposer~" />
        <seealso name="hoa.record~" />
        <seealso name="hoa.rotate~" />
        <seealso name="hoa.scope~" />
        <seealso name="hoa.space" />
        <seealso name="hoa.space~" />
        <seealso name="hoa.vector~" />
        <seealso name="hoa.wider~" />
	</seealsolist>
</c74object>