<?xml version="1.0" encoding="utf-8" standalone="yes"?>

<?xml-stylesheet href="./_c74_ref.xsl" type="text/xsl"?>

<!--This is an automatically generated file. DO NOT EDIT THIS FILE DIRECTLY. Rather, use the _ref.xml files found in the 'edits' folder.-->
<c74object name="hoa.gain~" module="hoa" category="ambisonic">
	<digest>
		A multichannel gain~ object.
	</digest>
	<description>
		<o>hoa.gain~</o> is a multichannel version of the <o>gain~</o> object.
	</description>
	<!--METADATA-->
	<metadatalist>
		<metadata name="author">
			HoaLibrary by Julien Colafrancesco, Pierre Guillot, Eliott Paris.
		</metadata>
		<metadata name="tag">
			Ambisonic spatialization.
		</metadata>
	</metadatalist>

	<!--INLETS-->
	<inletlist>
		<inlet id="0" type="signal">
			<digest>
				Audio Signals to be Scaled, Last inlet sets value (depending on the input mode).
			</digest>
			<description>
				Audio Signals to be Scaled, Last inlet sets value (depending on the input mode).
			</description>
		</inlet>
	</inletlist>
	<!--OUTLETS-->
	<outletlist>
		<outlet id="0" type="signal">
			<digest>
				Scaled Outputs. Last outlet outputs the gain value (depending on the input mode).
			</digest>
			<description>
				Scaled Outputs. Last outlet outputs the gain value (depending on the input mode).
			</description>
		</outlet>
	</outletlist>

	<palette action="hoa.gain~" category="Sliders, Audio" pic="hoa.gain~.svg" />

	<!--ARGUMENTS-->
	<objarglist />

	<!--parameter-->
	<parameter />

	<!--MESSAGES-->
	<methodlist>
		<method name="bang">
			<arglist />
			<digest>
				Send current slider value out rightmost outlet
			</digest>
			<description>
				Sends current slider value out rightmost outlet.
			</description>
		</method>
		<method name="int">
			<arglist>
				<arg name="slider-value" optional="0" type="int" />
			</arglist>
			<digest>
				Set a new audio gain/output value (depending on the input mode).
			</digest>
			<description>
				Set a new audio gain/output value (depending on the input mode), ramps the outputs signals to the level corresponding to the new value over the specified ramp time, and outputs the slider's value out the rightmost outlet.
			</description>
		</method>
		<method name="float">
			<arglist>
				<arg name="slider-value" optional="0" type="float" />
			</arglist>
			<digest>
				Set a new audio gain/output value (depending on the input mode).
			</digest>
			<description>
				In left inlet: Converted to <m>int</m>. Sets a new audio gain/output value (depending on the input mode), ramps the outputs signals to the level corresponding to the new value over the specified ramp time, and outputs the slider's value out the rightmost outlet.
			</description>
		</method>
		<method name="(mouse)">
			<digest>
				Click and drag to set the slider outlet, dblclick to jump to the default value.
			</digest>
			<description>
				Clicking and dragging with the mouse sets the value of the slider, ramps the output signal to the level corresponding to the new value over the specified ramp time, and outputs the slider’s value out the right outlet.
				<br/>
				dblclick to jump to the default value.
			</description>
		</method>
		<method name="set">
			<arglist>
				<arg name="set-slider-value" optional="0" type="int" />
			</arglist>
			<digest>
				Set a new gain/output audio without outputting slider value
			</digest>
			<description>
				The word <m>set</m>, followed by a number, sets the value of the slider, ramps the output signal to the level corresponding to the new value over the specified ramp time, but does not output the slider's value out the right outlet.
			</description>
		</method>
		<method name="signal">
			<arglist />
			<digest>
				Input signals to be scaled by the slider.
			</digest>
			<description>
				Input signals to be scaled by the slider.
			</description>
		</method>
	</methodlist>
	<!--ATTRIBUTES-->
	<attributelist>
		<attribute name="channels" get="1" set="1" type="int" size="1">
			<digest>
				Set the Number of channels (and the number of inputs).
			</digest>
			<description>
				Set the Number of channels (and the number of inputs).
			</description>
			<attributelist>
				<attribute name="basic" get="1" set="1" type="int" size="1" value="1" />
				<attribute name="category" get="1" set="1" type="atom" size="1" value="hoa.gain~" />
				<attribute name="default" get="1" set="1" type="int" size="1" value="8" />
				<attribute name="label" get="1" set="1" type="symbol" size="1" value="Channels" />
				<attribute name="paint" get="1" set="1" type="int" size="1" value="1" />
				<attribute name="save" get="1" set="1" type="int" size="1" value="1" />
			</attributelist>
		</attribute>

		<attribute name="range" get="1" set="1" type="float" size="2">
			<digest>
				Set the <o>hoa.gain~</o> Range in dB.
			</digest>
			<description>
				Set the <o>hoa.gain~</o> Range in dB.
			</description>
			<attributelist>
				<attribute name="basic" get="1" set="1" type="int" size="1" value="1" />
				<attribute name="category" get="1" set="1" type="atom" size="1" value="hoa.gain~" />
				<attribute name="default" get="1" set="1" type="float" size="1" value="-70. 18." />
				<attribute name="label" get="1" set="1" type="symbol" size="1" value="range" />
				<attribute name="paint" get="1" set="1" type="int" size="1" value="1" />
				<attribute name="save" get="1" set="1" type="int" size="1" value="1" />
			</attributelist>
		</attribute>

		<attribute name="interp" get="1" set="1" type="float" size="1">
			<digest>
				Ramp Time (ms)
			</digest>
			<description>
				Sets the interpolation ramp time in milliseconds for the <o>hoa.gain~</o> object. The default is 20.
			</description>
			<attributelist>
				<attribute name="category" get="1" set="1" type="atom" size="1" value="Value" />
				<attribute name="default" get="1" set="1" type="float" size="1" value="20." />
				<attribute name="label" get="1" set="1" type="symbol" size="1" value="Ramp Time (ms)" />
				<attribute name="paint" get="1" set="1" type="int" size="1" value="1" />
				<attribute name="save" get="1" set="1" type="int" size="1" value="1" />
			</attributelist>
		</attribute>
		
		<attribute name="orientation" get="1" set="1" type="int" size="1">
			<digest>
				Orientation
			</digest>
			<description>
				Sets the <o>hoa.gain~</o> object to a horizontal or vertical data display.
				<br />
				<m>Automatic</m>: (the default) sets the display dependent on the size of the slider - longest side of the rectangle that describes the slider sets the orientation.
				<br />
				<m>Horizontal</m> 				<br />
				<m>Vertical</m> 
			</description>
			<attributelist>
				<attribute name="category" get="1" set="1" type="symbol" size="1" value="Appearance" />
				<attribute name="default" get="1" set="1" type="int" size="1" value="0" />
				<attribute name="enumvals" get="1" set="1" type="atom" size="3">
					<enumlist>
						<enum name="Automatic">
							<digest>
								TEXT_HERE
							</digest>
							<description>
								TEXT_HERE
							</description>
						</enum>
						<enum name="Horizontal">
							<digest>
								TEXT_HERE
							</digest>
							<description>
								TEXT_HERE
							</description>
						</enum>
						<enum name="Vertical">
							<digest>
								TEXT_HERE
							</digest>
							<description>
								TEXT_HERE
							</description>
						</enum>
					</enumlist>
				</attribute>
				<attribute name="label" get="1" set="1" type="symbol" size="1" value="Orientation" />
				<attribute name="paint" get="1" set="1" type="int" size="1" value="1" />
				<attribute name="save" get="1" set="1" type="int" size="1" value="1" />
				<attribute name="style" get="1" set="1" type="symbol" size="1" value="enumindex" />
			</attributelist>
		</attribute>

		<attribute name="parameter_enable" get="1" set="1" type="int" size="1">
			<digest>
				Parameter Mode Enable
			</digest>
			<description>
				Enables use of this object with <link module="core" name="live_parameters" type="vignette">Max for Live Parameters</link> and allows for <link module="core" name="parameter_enable" type="vignette">setting initial parameter values</link> in the Max environment.
			</description>
			<attributelist>
				<attribute name="category" get="1" set="1" type="atom" size="1" value="Parameter" />
				<attribute name="label" get="1" set="1" type="symbol" size="1" value="Parameter Mode Enable" />
				<attribute name="order" get="1" set="1" type="int" size="1" value="1" />
				<attribute name="save" get="1" set="1" type="int" size="1" value="1" />
				<attribute name="style" get="1" set="1" type="symbol" size="1" value="onoff" />
			</attributelist>
		</attribute>

		<attribute name="relative" get="1" set="1" type="int" size="1">
			<digest>
				Mousing Mode
			</digest>
			<description>
				Sets way that the <o>hoa.gain~</o> object responds to mouse clicks.
			</description>
			<attributelist>
				<attribute name="category" get="1" set="1" type="atom" size="1" value="Value" />
				<attribute name="default" get="1" set="1" type="int" size="1" value="0" />
				<attribute name="enumvals" get="1" set="1" type="atom" size="2">
					<enumlist>
						<enum name="Absolute">
							<digest>
								Absolute mode
							</digest>
							<description>
								In absolute mode, the <o>hoa.gain~</o> will automatically jump directly to the clicked location.
							</description>
						</enum>
						<enum name="Relative">
							<digest>
								Relative mode
							</digest>
							<description>
								In relative mode (the default) the <o>hoa.gain~</o> keeps its relative position when you click - Moving the mouse outputs higher or lower values in relation to that relative position.
							</description>
						</enum>
					</enumlist>
				</attribute>
				<attribute name="label" get="1" set="1" type="symbol" size="1" value="Mousing Mode" />
				<attribute name="save" get="1" set="1" type="int" size="1" value="1" />
				<attribute name="style" get="1" set="1" type="symbol" size="1" value="enumindex" />
			</attributelist>
		</attribute>

		<attribute name="inputmode" get="1" set="1" type="int" size="1">
			<digest>
				Input Mode.
			</digest>
			<description>
				Sets Input Mode.
			</description>
			<attributelist>
				<attribute name="category" get="1" set="1" type="atom" size="1" value="Value" />
				<attribute name="default" get="1" set="1" type="int" size="1" value="0" />
				<attribute name="enumvals" get="1" set="1" type="atom" size="2">
					<enumlist>
						<enum name="Decibels">
							<digest>
								Decibels mode
							</digest>
							<description>
								In Decibels mode (the Default), the <o>hoa.gain~</o> react to deciBels values.
							</description>
						</enum>
						<enum name="Amplitude">
							<digest>
								Amplitude mode
							</digest>
							<description>
								In Amplitude mode, the <o>hoa.gain~</o> react to Amplitude values.
							</description>
						</enum>
						<enum name="Midi">
							<digest>
								Midi mode
							</digest>
							<description>
								In Midi mode, the <o>hoa.gain~</o> react to Midi values.
							</description>
						</enum>
					</enumlist>
				</attribute>
				<attribute name="label" get="1" set="1" type="symbol" size="1" value="Mousing Mode" />
				<attribute name="save" get="1" set="1" type="int" size="1" value="1" />
				<attribute name="style" get="1" set="1" type="symbol" size="1" value="enumindex" />
			</attributelist>
		</attribute>

		<attribute name="defvaldb" get="1" set="1" type="float" size="1">
			<digest>
				Set the Default Value in dB.
			</digest>
			<description>
				Sets the Default Value in dB. (jump to this value on load an on mouse dblclick).
			</description>
			<attributelist>
				<attribute name="basic" get="1" set="1" type="int" size="1" value="1" />
				<attribute name="category" get="1" set="1" type="atom" size="1" value="Value" />
				<attribute name="default" get="1" set="1" type="int" size="1" value="0." />
				<attribute name="label" get="1" set="1" type="symbol" size="1" value="Default Value" />
				<attribute name="paint" get="1" set="1" type="int" size="1" value="1" />
				<attribute name="save" get="1" set="1" type="int" size="1" value="1" />
			</attributelist>
		</attribute>
	</attributelist>

	<attribute name="bgcolor" get="1" set="1" type="float" size="4">
			<digest>
				Background Color.
			</digest>
			<description>
				Sets the Background color of the slider in RGBA format.
			</description>
			<attributelist>
				<attribute name="basic" get="1" set="1" type="int" size="1" value="1" />
				<attribute name="category" get="1" set="1" type="atom" size="1" value="Color" />
				<attribute name="label" get="1" set="1" type="symbol" size="1" value="Background Color 1" />
				<attribute name="paint" get="1" set="1" type="int" size="1" value="1" />
				<attribute name="save" get="1" set="1" type="int" size="1" value="1" />
				<attribute name="style" get="1" set="1" type="symbol" size="1" value="rgba" />
			</attributelist>
		</attribute>
		
		<attribute name="bordercolor" get="1" set="1" type="float" size="4">
			<digest>
				Border Color
			</digest>
			<description>
				Sets the border color of the slider in RGBA format.
			</description>
			<attributelist>
				<attribute name="category" get="1" set="1" type="atom" size="1" value="Color" />
				<attribute name="label" get="1" set="1" type="symbol" size="1" value="Border Color" />
				<attribute name="paint" get="1" set="1" type="int" size="1" value="1" />
				<attribute name="save" get="1" set="1" type="int" size="1" value="1" />
				<attribute name="style" get="1" set="1" type="symbol" size="1" value="rgba" />
			</attributelist>
		</attribute>

		<attribute name="knobcolor" get="1" set="1" type="float" size="4">
			<digest>
				Knob Background Color
			</digest>
			<description>
				Sets the knob Background color of the <o>hoa.gain~</o> object in RGBA format.
			</description>
			<attributelist>
				<attribute name="category" get="1" set="1" type="atom" size="1" value="Color" />
				<attribute name="label" get="1" set="1" type="symbol" size="1" value="Knob Background Color" />
				<attribute name="paint" get="1" set="1" type="int" size="1" value="1" />
				<attribute name="save" get="1" set="1" type="int" size="1" value="1" />
				<attribute name="style" get="1" set="1" type="symbol" size="1" value="rgba" />
			</attributelist>
		</attribute>

		<attribute name="intknobcolor" get="1" set="1" type="float" size="4">
			<digest>
				Knob Interior Color
			</digest>
			<description>
				Sets the knob Interior color of the <o>hoa.gain~</o> object in RGBA format.
			</description>
			<attributelist>
				<attribute name="category" get="1" set="1" type="atom" size="1" value="Color" />
				<attribute name="label" get="1" set="1" type="symbol" size="1" value="Knob Interior Color" />
				<attribute name="paint" get="1" set="1" type="int" size="1" value="1" />
				<attribute name="save" get="1" set="1" type="int" size="1" value="1" />
				<attribute name="style" get="1" set="1" type="symbol" size="1" value="rgba" />
			</attributelist>
		</attribute>

	<!--MENU ITEMS-->
	<menuitemlist>
		<menuitem name="Color">
			<digest>
				Color... menu item
			</digest>
			<description>
				Choosing the <b>Color...</b> menu item from the <b>Object</b> menu when the object is selected opens a <link type="vignette" module="core" name="color_palette">color picker</link>, permitting adjustment to the appearance of the <o>hoa.gain~</o> object.
			</description>
		</menuitem>
	</menuitemlist>

	<!--EXAMPLE-->
	<examplelist>
		<example img="" />
	</examplelist>

	<!--SEEALSO-->
	<seealsolist>
		<seealso name="hoa.connect" />
		<seealso name="hoa.convolve~" />
		<seealso name="hoa.dac~" />
		<seealso name="hoa.decoder~" />
		<seealso name="hoa.encoder~" />
		<seealso name="hoa.gain~" />
		<seealso name="hoa.freeverb~" />
		<seealso name="hoa.map" />
		<seealso name="hoa.map~" />
        <seealso name="hoa.meter~" />
        <seealso name="hoa.optim~" />
        <seealso name="hoa.pi" />
        <seealso name="hoa.pi~" />
        <seealso name="hoa.play~" />
        <seealso name="hoa.plug~" />
        <seealso name="hoa.projector~" />
        <seealso name="hoa.recomposer" />
        <seealso name="hoa.recomposer~" />
        <seealso name="hoa.record~" />
        <seealso name="hoa.rotate~" />
        <seealso name="hoa.scope~" />
        <seealso name="hoa.space" />
        <seealso name="hoa.space~" />
        <seealso name="hoa.vector~" />
        <seealso name="hoa.wider~" />
	</seealsolist>

</c74object>
