<?xml version="1.0" encoding="utf-8" standalone="yes"?>

<?xml-stylesheet href="./_c74_ref.xsl" type="text/xsl"?>

<!--This is an automatically generated file. DO NOT EDIT THIS FILE DIRECTLY. Rather, use the _ref.xml files found in the 'edits' folder.-->
<c74object name="hoa.scope~" module="hoa" category="ambisonic">
	<digest>
		An ambisonic harmonic scope.
	</digest>
	<description>
		<o>
			hoa.scope~
		</o>
        displays the harmonics of an ambisonic sound field on a circle.
	</description>
	<!--METADATA-->
	<metadatalist>
		<metadata name="author">
			HoaLibrary by Julien Colafrancesco, Pierre Guillot, Eliott Paris.
		</metadata>
		<metadata name="tag">
			Ambisonic spatialization.
		</metadata>
	</metadatalist>
    
	<!--INLETS-->
	<inletlist>
		<inlet id="0" name="signal">
			<digest>
				harmonics signals inputs.
			</digest>
			<description>
				harmonics signals inputs.
			</description>
		</inlet>
	</inletlist>
    
	<!--OUTLETS-->

	<palette category="ambisonic" action="hoa.scope~" pic="hoa.scope~.svg" />
    
	<!--ARGUMENTS-->
	<objarglist>
	</objarglist>
    
	<!--MESSAGES-->
	<methodlist>
		<method name="signal">
			<arglist />
			<digest>
				harmonics signals inputs.
			</digest>
			<description>
				harmonics signals inputs.
			</description>
		</method>
	</methodlist>
    
	<!--ATTRIBUTES-->
	<attributelist>
		<attribute name="order" type="int" size="1">
			<digest>
				Ambisonic order.
			</digest>
			<description>
				Sets the Ambisonic order.
            </description>
		</attribute>
		<attribute name="drawcircle" type="int" size="1">
			<digest>
				Draw Circle.
			</digest>
			<description>
				Draw Circle.
            </description>
		</attribute>
		<attribute name="drawangles" type="int" size="1">
			<digest>
				Draw Angles.
			</digest>
			<description>
				Draw Angles.
            </description>
		</attribute>
		<attribute name="drawcontrib" type="int" size="1">
			<digest>
				Draw Contributions.
			</digest>
			<description>
				Draw Contributions.
            </description>
		</attribute>
		<attribute name="gain" type="float" size="1">
			<digest>
				Gain Factor.
			</digest>
			<description>
				Sets the Gain Factor.
            </description>
		</attribute>
		<attribute name="mode" type="int" size="1">
			<digest>
				Process Mode (0 = Peak | 1 = Average).
			</digest>
			<description>
				Sets the Process Mode (0 = Peak | 1 = Average).
            </description>
		</attribute>
		<attribute name="bufsize" type="int" size="1">
			<digest>
				Buffer Size (in Samps). (only in Average Mode).
			</digest>
			<description>
				Buffer Size (in Samps). (only in Average Mode).
            </description>
		</attribute>
		<attribute name="interval" type="int" size="1">
			<arglist />
			<digest>
				Refresh Interval Time (ms).
			</digest>
			<description>
				Refresh Interval Time (ms).
			</description>
		</attribute>
		<attribute name="bgcolor">
			<digest>
				Background color.
			</digest>
			<description>
				Sets the RGBA values for the Background color.
            </description>
		</attribute>
		<attribute name="txcolor">
			<digest>
				Text color.
			</digest>
			<description>
				Sets the RGBA values for the Text color.
            </description>
		</attribute>
		<attribute name="cicolor">
			<digest>
				Circle color.
			</digest>
			<description>
				Sets the RGBA values for the Circle color.
            </description>
		</attribute>
		<attribute name="phcolor">
			<digest>
				Positives harmonics color.
			</digest>
			<description>
				Sets the RGBA values for the Positives harmonics color.
            </description>
		</attribute>
		<attribute name="nhcolor">
			<digest>
				Negatives harmonics color.
			</digest>
			<description>
				Sets the RGBA values for the Negatives harmonics color.
            </description>
		</attribute>
    </attributelist>
	<!--EXAMPLE-->
	<examplelist>
		<example img="" />
	</examplelist>
	<!--SEEALSO-->
	<seealsolist>
		<seealso name="hoa.connect" />
		<seealso name="hoa.convolve~" />
		<seealso name="hoa.dac~" />
		<seealso name="hoa.decoder~" />
		<seealso name="hoa.encoder~" />
		<seealso name="hoa.gain~" />
		<seealso name="hoa.freeverb~" />
		<seealso name="hoa.map" />
		<seealso name="hoa.map~" />
        <seealso name="hoa.meter~" />
        <seealso name="hoa.optim~" />
        <seealso name="hoa.pi" />
        <seealso name="hoa.pi~" />
        <seealso name="hoa.play~" />
        <seealso name="hoa.plug~" />
        <seealso name="hoa.projector~" />
        <seealso name="hoa.recomposer" />
        <seealso name="hoa.recomposer~" />
        <seealso name="hoa.record~" />
        <seealso name="hoa.rotate~" />
        <seealso name="hoa.scope~" />
        <seealso name="hoa.space" />
        <seealso name="hoa.space~" />
        <seealso name="hoa.vector~" />
        <seealso name="hoa.wider~" />
	</seealsolist>
</c74object>
