<?xml version="1.0" encoding="utf-8" standalone="yes"?>

<?xml-stylesheet href="./_c74_ref.xsl" type="text/xsl"?>

<!--This is an automatically generated file. DO NOT EDIT THIS FILE DIRECTLY. Rather, use the _ref.xml files found in the 'edits' folder.-->
<c74object name="hoa.space" module="hoa" category="ambisonic">
	<digest>
		A graphic user interface to design ambisonic space.
	</digest>
	<description>
		<o>
			hoa.space
		</o>
		allows you to draw spatial filtering and apply gains to the virtual microphones signals.
	</description>
	<!--METADATA-->
	<metadatalist>
		<metadata name="author">
			HoaLibrary by Julien Colafrancesco, Pierre Guillot, Eliott Paris.
		</metadata>
		<metadata name="tag">
			Ambisonic spatialization.
		</metadata>
	</metadatalist>
    
	<!--INLETS-->
	<inletlist>
		<inlet id="0" name="anything">
			<digest>
				Behavior and Appearence.
			</digest>
			<description>
				Behavior and Appearence.
			</description>
		</inlet>
	</inletlist>
    
	<!--OUTLETS-->
	<outletlist>
		<outlet id="0" name="coeffs">
			<digest>
				Virtual Microphones Coefficients.
			</digest>
			<description>
				Virtual Microphones Coefficients (you may connect me to the <o>hoa.space~</o> object).
			</description>
		</outlet>
	</outletlist>

    <palette category="ambisonic" action="hoa.space" pic="hoa.space.svg" />

	<!--ARGUMENTS-->
	<objarglist>
	</objarglist>
    
	<!--MESSAGES-->
	<methodlist>
		<method name="anything">
			<arglist />
			<digest>
				Behavior and Appearence.
			</digest>
			<description>
				Behavior and Appearence.
			</description>
		</method>
		<method name="list">
			<arglist />
			<digest>
				Virtuals Microphones coefficients float list.
			</digest>
			<description>
				Set all the Virtuals Microphones coefficients with a float list. (Set one coefficients with an index and a float)
			</description>
		</method>
		<method name="bang">
			<arglist />
			<digest>
				Outputs Current Values.
			</digest>
			<description>
				Outputs Current Values.
			</description>
		</method>
		<method name="(mouse)">
			<digest>
				Click and drag to change values
			</digest>
			<description>
				Click and drag on the circle to draw the space of your soundfield. <br/>
				Click and drag with shift on the circle to retract or expand your soundfield.<br/>
				Click and drag on the wheel to rotate your soundfield.
			</description>
		</method>
	</methodlist>
    
	<!--ATTRIBUTES-->
	<attributelist>
		<attribute name="nmics" type="int" size="1">
			<digest>
				Number of Virtuals Microphones.
			</digest>
			<description>
				Set the Number of Virtuals Microphones.
            </description>
		</attribute>
		<attribute name="coeffs" type="list" size="">
			<digest>
				Virtuals Microphones Coefficients.
			</digest>
			<description>
				Set the Virtuals Microphones Coefficients.
            </description>
		</attribute>
		<attribute name="bgcolor">
			<digest>
				Background color.
			</digest>
			<description>
				Sets the RGBA values for the Background color.
            </description>
		</attribute>
		<attribute name="borderboxcolor">
			<digest>
				Border Box Color.
			</digest>
			<description>
				Sets the RGBA values for the Border Box Color.
            </description>
		</attribute>
		<attribute name="circlecolor">
			<digest>
				Circle color.
			</digest>
			<description>
				Sets the RGBA values for the Circle color.
            </description>
		</attribute>
		<attribute name="cicolorin">
			<digest>
				Circle Inner color.
			</digest>
			<description>
				Sets the RGBA values for the Circle Inner color.
            </description>
		</attribute>
		<attribute name="cishadcolor">
			<digest>
				Shadow fx color.
			</digest>
			<description>
				Sets the RGBA values for the Shadow fx color.
            </description>
		</attribute>
		<attribute name="harmocolor">
			<digest>
				Harmonics color.
			</digest>
			<description>
				Sets the RGBA values for the Harmonics color.
            </description>
		</attribute>
		<attribute name="miccolor">
			<digest>
				Virtuals Microphones color.
			</digest>
			<description>
				Sets the RGBA values for Virtuals Microphones color.
            </description>
		</attribute>
		<attribute name="shadow">
			<digest>
				Activate or de-activate Shadows fx on object.
			</digest>
			<description>
				Activate or de-activate Shadows fx on object.
            </description>
		</attribute>
    </attributelist>
	<!--EXAMPLE-->
	<examplelist>
		<example img="" />
	</examplelist>
	<!--SEEALSO-->
	<seealsolist>
		<seealso name="hoa.connect" />
		<seealso name="hoa.convolve~" />
		<seealso name="hoa.dac~" />
		<seealso name="hoa.decoder~" />
		<seealso name="hoa.encoder~" />
		<seealso name="hoa.gain~" />
		<seealso name="hoa.freeverb~" />
		<seealso name="hoa.map" />
		<seealso name="hoa.map~" />
        <seealso name="hoa.meter~" />
        <seealso name="hoa.optim~" />
        <seealso name="hoa.pi" />
        <seealso name="hoa.pi~" />
        <seealso name="hoa.play~" />
        <seealso name="hoa.plug~" />
        <seealso name="hoa.projector~" />
        <seealso name="hoa.recomposer" />
        <seealso name="hoa.recomposer~" />
        <seealso name="hoa.record~" />
        <seealso name="hoa.rotate~" />
        <seealso name="hoa.scope~" />
        <seealso name="hoa.space" />
        <seealso name="hoa.space~" />
        <seealso name="hoa.vector~" />
        <seealso name="hoa.wider~" />
	</seealsolist>
</c74object>
