<?xml version="1.0" encoding="utf-8" standalone="yes"?>

<?xml-stylesheet href="./_c74_ref.xsl" type="text/xsl"?>

<!--This is an automatically generated file. DO NOT EDIT THIS FILE DIRECTLY. Rather, use the _ref.xml files found in the 'edits' folder.-->
<c74object name="hoa.space~" module="hoa" category="ambisonic">
	<digest>
		A spatial filter.
	</digest>
	<description>
		<o>
			hoa.space~
		</o>
        applies gains to the virtual microphones signals. There is a <o>hoa.space</o> object embed in <o>hoa.space~</o> to facilitate the modulation of the soundfield. Look at the <o>hoa.space</o>'s help for more informations.
	</description>
	<!--METADATA-->
	<metadatalist>
		<metadata name="author">
			HoaLibrary by Julien Colafrancesco, Pierre Guillot, Eliott Paris.
		</metadata>
		<metadata name="tag">
			Ambisonic spatialization.
		</metadata>
	</metadatalist>
    
	<!--INLETS-->
	<inletlist>
		<inlet id="0" name="signal">
			<digest>
				Plane Wave signals inputs.
			</digest>
			<description>
				Plane Wave signals inputs.
			</description>
		</inlet>
		<inlet id="0" name="list">
			<digest>
				Virtuals Microphones coefficients float list.
			</digest>
			<description>
				Set all the Virtuals Microphones coefficients with a float list. (Set one coefficients with an index and a float)
			</description>
		</inlet>
	</inletlist>
    
	<!--OUTLETS-->
	<outletlist>
		<outlet id="0" name="signal">
			<digest>
				Plane Wave signals outputs.
			</digest>
			<description>
				Plane Wave signals outputs.
			</description>
		</outlet>
	</outletlist>
	<!--ARGUMENTS-->
	<objarglist>
	</objarglist>
    
	<!--MESSAGES-->
	<methodlist>
		<method name="signal">
			<arglist />
			<digest>
				Plane Wave signals inputs.
			</digest>
			<description>
				Plane Wave signals inputs.
			</description>
		</method>
		<method name="list">
			<arglist />
			<digest>
				Virtuals Microphones coefficients float list.
			</digest>
			<description>
				Set all the Virtuals Microphones coefficients with a float list. (Set one coefficients with an index and a float)
			</description>
		</method>
		<method name="bang">
			<arglist />
			<digest>
				Open the Embeded <o>hoa.space</o> object.
			</digest>
			<description>
				Sending a <m>bang</m> message to a <o>hoa.space~</o> object opens the Embeded <o>hoa.space</o> object.
			</description>
		</method>
		<method name="(mouse)">
			<digest>
				Open the Embeded <o>hoa.space</o> object.
			</digest>
			<description>
				Double-clicking on a <o>hoa.space~</o> object opens the Embeded <o>hoa.space</o> object.
			</description>
		</method>
	</methodlist>
    
	<!--ATTRIBUTES-->
	<attributelist>
    </attributelist>
	<!--EXAMPLE-->
	<examplelist>
		<example img="" />
	</examplelist>
	<!--SEEALSO-->
	<seealsolist>
		<seealso name="hoa.connect" />
		<seealso name="hoa.convolve~" />
		<seealso name="hoa.dac~" />
		<seealso name="hoa.decoder~" />
		<seealso name="hoa.encoder~" />
		<seealso name="hoa.gain~" />
		<seealso name="hoa.freeverb~" />
		<seealso name="hoa.map" />
		<seealso name="hoa.map~" />
        <seealso name="hoa.meter~" />
        <seealso name="hoa.optim~" />
        <seealso name="hoa.pi" />
        <seealso name="hoa.pi~" />
        <seealso name="hoa.play~" />
        <seealso name="hoa.plug~" />
        <seealso name="hoa.projector~" />
        <seealso name="hoa.recomposer" />
        <seealso name="hoa.recomposer~" />
        <seealso name="hoa.record~" />
        <seealso name="hoa.rotate~" />
        <seealso name="hoa.scope~" />
        <seealso name="hoa.space" />
        <seealso name="hoa.space~" />
        <seealso name="hoa.vector~" />
        <seealso name="hoa.wider~" />
	</seealsolist>
</c74object>
