<?xml version="1.0" encoding="utf-8" standalone="yes"?>

<?xml-stylesheet href="./_c74_ref.xsl" type="text/xsl"?>

<!--This is an automatically generated file. DO NOT EDIT THIS FILE DIRECTLY. Rather, use the _ref.xml files found in the 'edits' folder.-->
<c74object name="hoa.map~"  module="hoa" category="ambisonic">
	<digest>
		An ambisonic multisource spatializer.
	</digest>
	<description>
		<o>
			hoa.map~
		</o>
        is a tool that encodes several sources in the circular harmonics domain. It's easy to use and works with the <o>hoa.map</o>. You should look at <o>hoa.map</o>'s help patch for futher informations.
	</description>
	<!--METADATA-->
	<metadatalist>
		<metadata name="author">
			HoaLibrary by Julien Colafrancesco, Pierre Guillot, Eliott Paris.
		</metadata>
		<metadata name="tag">
			Ambisonic spatialization.
		</metadata>
	</metadatalist>
    
	<!--INLETS-->
	<inletlist>
		<inlet id="0" name="anything">
			<digest>
				<o>hoa.map</o> Connection.
			</digest>
			<description>
				<o>hoa.map</o> Connection.
			</description>
		</inlet>
		<inlet id="0" name="signal">
			<digest>
				Source signal to Encode.
			</digest>
			<description>
				Source signal to Encode.
			</description>
		</inlet>
	</inletlist>
    
	<!--OUTLETS-->
	<outletlist>
		<outlet id="0" name="signal">
			<digest>
				Encoded Sources signals.
			</digest>
			<description>
				Encoded Sources signals.
			</description>
		</outlet>
	</outletlist>
    
	<!--ARGUMENTS-->
	<objarglist>
		<objarg id="0" name="ambisonic-order" type="int" optional="0">
			<digest>
				Ambisonic order
			</digest>
			<description>
				Sets the ambisonic order.
			</description>
		</objarg>
		<objarg id="1" name="number-of-source" type="int" optional="0">
			<digest>
				Number of Sources.
			</digest>
			<description>
				Sets the Number of Sources.
			</description>
		</objarg>
	</objarglist>
    
	<!--MESSAGES-->
	<methodlist>
		<method name="list">
			<digest>
				Receive messages from <o>hoa.map</o> object.
			</digest>
			<description>
				Receive messages from <o>hoa.map</o> object formated as a list to set sources coordinates and mute.
				Exemple : "3 polar 1 0" will set the source 3 to the polar coordinate "1 0".
			</description>
		</method>
	</methodlist>
    
	<!--ATTRIBUTES-->
	<attributelist>
	</attributelist>
	<!--EXAMPLE-->
	<examplelist>
		<example img="" />
	</examplelist>
	<!--SEEALSO-->
	<seealsolist>
		<seealso name="hoa.connect" />
		<seealso name="hoa.convolve~" />
		<seealso name="hoa.dac~" />
		<seealso name="hoa.decoder~" />
		<seealso name="hoa.encoder~" />
		<seealso name="hoa.gain~" />
		<seealso name="hoa.freeverb~" />
		<seealso name="hoa.map" />
		<seealso name="hoa.map~" />
        <seealso name="hoa.meter~" />
        <seealso name="hoa.optim~" />
        <seealso name="hoa.pi" />
        <seealso name="hoa.pi~" />
        <seealso name="hoa.play~" />
        <seealso name="hoa.plug~" />
        <seealso name="hoa.projector~" />
        <seealso name="hoa.recomposer" />
        <seealso name="hoa.recomposer~" />
        <seealso name="hoa.record~" />
        <seealso name="hoa.rotate~" />
        <seealso name="hoa.scope~" />
        <seealso name="hoa.space" />
        <seealso name="hoa.space~" />
        <seealso name="hoa.vector~" />
        <seealso name="hoa.wider~" />
	</seealsolist>
</c74object>
