<?xml version="1.0" encoding="utf-8" standalone="yes"?>

<?xml-stylesheet href="./_c74_ref.xsl" type="text/xsl"?>

<!--This is an automatically generated file. DO NOT EDIT THIS FILE DIRECTLY. Rather, use the _ref.xml files found in the 'edits' folder.-->
<c74object name="hoa.projector~" module="hoa" category="ambisonic">
	<digest>
		An ambisonic projection external.
	</digest>
	<description>
		<o>
			hoa.projector~
		</o>
        discretizes the ambisonic sound field into an array of virtual microphones.
	</description>
	<!--METADATA-->
	<metadatalist>
		<metadata name="author">
			HoaLibrary by Julien Colafrancesco, Pierre Guillot, Eliott Paris.
		</metadata>
		<metadata name="tag">
			Ambisonic spatialization.
		</metadata>
	</metadatalist>
    
	<!--INLETS-->
	<inletlist>
		<inlet id="0" name="signals">
			<digest>
				harmonics inputs.
			</digest>
			<description>
				harmonics inputs.
			</description>
		</inlet>
	</inletlist>
    
	<!--OUTLETS-->
	<outletlist>
		<outlet id="0" name="signals">
			<digest>
				Virtual microphones outputs.
			</digest>
			<description>
				Virtual microphones outputs.
			</description>
		</outlet>
	</outletlist>
    
	<!--ARGUMENTS-->
	<objarglist>
		<objarg id="0" name="ambisonic-order" type="int" optional="0">
			<digest>
				Ambisonic order
			</digest>
			<description>
				Sets the Ambisonic order
			</description>
		</objarg>
		<objarg id="1" name="loudspeaker-number" type="int" optional="0">
			<digest>
				Number of loudspeakers.
			</digest>
			<description>
				Sets the number of loudspeakers.
			</description>
		</objarg>
	</objarglist>
    
	<!--MESSAGES-->
	<methodlist>
		<method name="signal">
			<arglist />
			<digest>
				Harmonics signal inputs.
			</digest>
			<description>
				Harmonics signal inputs.
			</description>
		</method>
	</methodlist>
    
	<!--ATTRIBUTES-->
	<attributelist />
	<!--EXAMPLE-->
	<examplelist>
		<example img="" />
	</examplelist>
	<!--SEEALSO-->
	<seealsolist>
		<seealso name="hoa.connect" />
		<seealso name="hoa.convolve~" />
		<seealso name="hoa.dac~" />
		<seealso name="hoa.decoder~" />
		<seealso name="hoa.encoder~" />
		<seealso name="hoa.gain~" />
		<seealso name="hoa.freeverb~" />
		<seealso name="hoa.map" />
		<seealso name="hoa.map~" />
        <seealso name="hoa.meter~" />
        <seealso name="hoa.optim~" />
        <seealso name="hoa.pi" />
        <seealso name="hoa.pi~" />
        <seealso name="hoa.play~" />
        <seealso name="hoa.plug~" />
        <seealso name="hoa.projector~" />
        <seealso name="hoa.recomposer" />
        <seealso name="hoa.recomposer~" />
        <seealso name="hoa.record~" />
        <seealso name="hoa.rotate~" />
        <seealso name="hoa.scope~" />
        <seealso name="hoa.space" />
        <seealso name="hoa.space~" />
        <seealso name="hoa.vector~" />
        <seealso name="hoa.wider~" />
	</seealsolist>
</c74object>
