<?xml version="1.0" encoding="utf-8" standalone="yes"?>

<?xml-stylesheet href="./_c74_ref.xsl" type="text/xsl"?>

<!--This is an automatically generated file. DO NOT EDIT THIS FILE DIRECTLY. Rather, use the _ref.xml files found in the 'edits' folder.-->
<c74object name="hoa.vector~" module="hoa" category="ambisonic">
	<digest>
		A sound field energy and velocity vectors calculator.
	</digest>
	<description>
		<o>
			hoa.vector~
		</o>
        displays the coordinates of the velocity and energy vector that characterize a sound field. For futher information : Michael A. Gerzon, General metatheorie of auditory localisation. Audio Engineering Society Preprint, 3306, 1992.
	</description>
	<!--METADATA-->
	<metadatalist>
		<metadata name="author">
			HoaLibrary by Julien Colafrancesco, Pierre Guillot, Eliott Paris.
		</metadata>
		<metadata name="tag">
			Ambisonic spatialization.
		</metadata>
	</metadatalist>
    
	<!--INLETS-->
	<inletlist>
		<inlet id="0" name="signal">
			<digest>
				Loudspeaker signal inputs.
			</digest>
			<description>
				Loudspeaker signal inputs.
			</description>
		</inlet>
	</inletlist>
    
	<!--OUTLETS-->
	<outletlist>
		<outlet id="0" name="signal">
			<digest>
				Velocity Vector Radius.
			</digest>
			<description>
				Velocity Vector Radius.
			</description>
		</outlet>
		<outlet id="1" name="signal">
			<digest>
				Velocity Vector Angle.
			</digest>
			<description>
				Velocity Vector Angle.
			</description>
		</outlet>
		<outlet id="2" name="signal">
			<digest>
				Energy Vector Radius.
			</digest>
			<description>
				Energy Vector Radius.
			</description>
		</outlet>
		<outlet id="3" name="signal">
			<digest>
				Energy Vector Angle.
			</digest>
			<description>
				Energy Vector Angle.
			</description>
		</outlet>
	</outletlist>
    
	<!--ARGUMENTS-->
	<objarglist/>
    
	<!--MESSAGES-->
	<methodlist>
		<method name="signal">
			<arglist />
			<digest>
				Loudspeaker signal inputs.
			</digest>
			<description>
				Loudspeaker signal inputs.
			</description>
		</method>
	</methodlist>
    
	<!--ATTRIBUTES-->
	<attributelist>
		<attribute name="output" get="1" set="1" type="int" size="1">
			<digest>
				Set the Coordinates Type (0 = Polar | 1 = Cartesian).
			</digest>
			<description>
				Set the Coordinates Type (0 = Polar | 1 = Cartesian).
			</description>
		</attribute>
		<attribute name="loudspeakers" get="1" set="1" type="int" size="1">
			<digest>
				Number of Loudspeakers.
			</digest>
			<description>
				Sets the Number of Loudspeakers.
			</description>
		</attribute>
		<attribute name="angles" get="1" set="1" type="int" size="1">
			<digest>
				Loudspeakers Angles.
			</digest>
			<description>
				Sets the Loudspeakers Angles.
			</description>
		</attribute>
	</attributelist>
	<!--EXAMPLE-->
	<examplelist>
		<example img="" />
	</examplelist>
	<!--SEEALSO-->
	<seealsolist>
		<seealso name="hoa.connect" />
		<seealso name="hoa.convolve~" />
		<seealso name="hoa.dac~" />
		<seealso name="hoa.decoder~" />
		<seealso name="hoa.encoder~" />
		<seealso name="hoa.gain~" />
		<seealso name="hoa.freeverb~" />
		<seealso name="hoa.map" />
		<seealso name="hoa.map~" />
        <seealso name="hoa.meter~" />
        <seealso name="hoa.optim~" />
        <seealso name="hoa.pi" />
        <seealso name="hoa.pi~" />
        <seealso name="hoa.play~" />
        <seealso name="hoa.plug~" />
        <seealso name="hoa.projector~" />
        <seealso name="hoa.recomposer" />
        <seealso name="hoa.recomposer~" />
        <seealso name="hoa.record~" />
        <seealso name="hoa.rotate~" />
        <seealso name="hoa.scope~" />
        <seealso name="hoa.space" />
        <seealso name="hoa.space~" />
        <seealso name="hoa.vector~" />
        <seealso name="hoa.wider~" />
	</seealsolist>
</c74object>