<?xml version='1.0' encoding='UTF-8' standalone='yes'?>
<root>
	<refpage name='hoa.connect.maxref.xml' />
	<refpage name='hoa.convolve~.maxref.xml' />
	<refpage name='hoa.dac~.maxref.xml' />
	<refpage name='hoa.decoder~.maxref.xml' />
	<refpage name='hoa.encoder~.maxref.xml' />
	<refpage name='hoa.gain~.maxref.xml' />
	<refpage name='hoa.freeverb~.maxref.xml' />
	<refpage name='hoa.map.maxref.xml' />
	<refpage name='hoa.map~.maxref.xml' />
	<refpage name='hoa.meter~.maxref.xml' />
	<refpage name='hoa.optim~.maxref.xml' />
	<refpage name='hoa.pi.maxref.xml' />
	<refpage name='hoa.pi~.maxref.xml' />
	<refpage name='hoa.play~.maxref.xml' />
	<refpage name='hoa.plug~.maxref.xml' />
	<refpage name='hoa.projector~.maxref.xml' />
	<refpage name='hoa.recomposer.maxref.xml' />
	<refpage name='hoa.recomposer~.maxref.xml' />
	<refpage name='hoa.record~.maxref.xml' />
	<refpage name='hoa.rotate~.maxref.xml' />
	<refpage name='hoa.scope~.maxref.xml' />
	<refpage name='hoa.space.maxref.xml' />
	<refpage name='hoa.space~.maxref.xml' />
	<refpage name='hoa.vector~.maxref.xml' />
	<refpage name='hoa.wider~.maxref.xml' />
</root>