<?xml version="1.0" encoding="utf-8" standalone="yes"?>

<?xml-stylesheet href="./_c74_ref.xsl" type="text/xsl"?>

<!--This is an automatically generated file. DO NOT EDIT THIS FILE DIRECTLY. Rather, use the _ref.xml files found in the 'edits' folder.-->
<c74object name="hoa.plug~" module="hoa" category="ambisonic">
	<digest>
		A patcher that duplicates patcher for hoa processings.
	</digest>
	<description>
		<o>
			hoa.plug~
		</o>
        helps the modularization of patches for ambisonic process processings. <br/>
        Number of inlets and outlets depends on number of inlets and outlets objects within its subpatch window, ambisonic order and 1st argument. Second argument is the name of the patcher to load and 3rd argument is the mode : (pre | no | post).
	</description>
	<!--METADATA-->
	<metadatalist>
		<metadata name="author">
			HoaLibrary by Julien Colafrancesco, Pierre Guillot, Eliott Paris.
		</metadata>
		<metadata name="tag">
			Ambisonic spatialization.
		</metadata>
	</metadatalist>
    
	<!--INLETS-->
	<inletlist>
		<inlet id="0" name="anything">
			<digest>
				Signal/messages inputs.
			</digest>
			<description>
				Signal/messages inputs.
			</description>
		</inlet>
	</inletlist>
    
	<!--OUTLETS-->
	<outletlist>
		<outlet id="0" name="anything">
			<digest>
				Signal/messages outputs.
			</digest>
			<description>
				Signal/messages outputs.
			</description>
		</outlet>
	</outletlist>
    
	<!--ARGUMENTS-->
	<objarglist>
		<objarg id="0" name="ambisonic-order" type="int" optional="0">
			<digest>
				Ambisonic order.
			</digest>
			<description>
				Sets the Ambisonic order.
			</description>
		</objarg>
		<objarg id="1" name="patcher-name" type="int" optional="0">
			<digest>
				The name of the patcher to load into.
            </digest>
			<description>
				The name of the patcher to load into (must be in your search paths)
			</description>
		</objarg>
		<objarg id="2" name="mode" type="symbol" optional="0">
			<digest>
				Mode (pre, no, post encoding or out).
            </digest>
			<description>
				- No mode for no encoding processing, useful to create diffused soundfields. <br/>
                - Pre mode for processing on order's signals. <br/>
                - Post mode for processing on harmonics signals. <br/>
                - Out mode is works in the plane wave domain. it's a usefull tool to create processings on a set of virtual microphones signals.
			</description>
		</objarg>
	</objarglist>
    
	<!--MESSAGES-->
	<methodlist>
		<method name="signal">
			<arglist />
			<digest>
				Signal inputs.
			</digest>
			<description>
                Signal inputs.
			</description>
		</method>
		<method name="anything">
			<arglist />
			<digest>
				Messages inputs.
			</digest>
			<description>
                Messages inputs.
			</description>
		</method>
		<method name="target">
			<arglist />
			<digest>
				Use the "target" message to select voice(s) to receive future messages (like <o>poly~</o> object).
			</digest>
			<description>
                Use the "target" message to select voice(s) to receive future messages (like <o>poly~</o> object).
			</description>
		</method>
		<method name="open">
			<arglist />
			<digest>
				open the n instance of the patcher.
			</digest>
			<description>
                open the n instance of the patcher (like <o>poly~</o> object).
			</description>
		</method>
		<method name="(mouse)">
			<arglist />
			<digest>
				dblclick to open the last patcher.
			</digest>
			<description>
				dblclick to open the last patcher.
			</description>
		</method>
	</methodlist>
    
	<!--ATTRIBUTES-->
	<attributelist />
	<!--EXAMPLE-->
	<examplelist>
		<example img="" />
	</examplelist>
	<!--SEEALSO-->
	<seealsolist>
		<seealso name="hoa.connect" />
		<seealso name="hoa.convolve~" />
		<seealso name="hoa.dac~" />
		<seealso name="hoa.decoder~" />
		<seealso name="hoa.encoder~" />
		<seealso name="hoa.gain~" />
		<seealso name="hoa.freeverb~" />
		<seealso name="hoa.map" />
		<seealso name="hoa.map~" />
        <seealso name="hoa.meter~" />
        <seealso name="hoa.optim~" />
        <seealso name="hoa.pi" />
        <seealso name="hoa.pi~" />
        <seealso name="hoa.play~" />
        <seealso name="hoa.plug~" />
        <seealso name="hoa.projector~" />
        <seealso name="hoa.recomposer" />
        <seealso name="hoa.recomposer~" />
        <seealso name="hoa.record~" />
        <seealso name="hoa.rotate~" />
        <seealso name="hoa.scope~" />
        <seealso name="hoa.space" />
        <seealso name="hoa.space~" />
        <seealso name="hoa.vector~" />
        <seealso name="hoa.wider~" />
	</seealsolist>
</c74object>
