<?xml version="1.0" encoding="utf-8" standalone="yes"?>

<?xml-stylesheet href="./_c74_ref.xsl" type="text/xsl"?>

<!--This is an automatically generated file. DO NOT EDIT THIS FILE DIRECTLY. Rather, use the _ref.xml files found in the 'edits' folder.-->
<c74object name="hoa.recomposer" module="hoa" category="ambisonic">
	<digest>
		A GUI to manipulate virtual microphones.
	</digest>
	<description>
		<o>
			hoa.recomposer
		</o>
        helps you to manipulate virtual microphones and control sound field transformations. (may be used to control the <o>hoa.recomposer~</o> object).
	</description>
	<!--METADATA-->
	<metadatalist>
		<metadata name="author">
			HoaLibrary by Julien Colafrancesco, Pierre Guillot, Eliott Paris.
		</metadata>
		<metadata name="tag">
			Ambisonic spatialization.
		</metadata>
	</metadatalist>
    
	<!--INLETS-->
	<inletlist>
		<inlet id="0" name="anything">
			<digest>
				Behavior and Appearence.
			</digest>
			<description>
				Behavior and Appearence.
			</description>
		</inlet>
	</inletlist>
    
	<!--OUTLETS-->
    <outletlist>
		<outlet id="0" name="list">
			<digest>
				Virtual Microphones Angles and directivities Values.
			</digest>
			<description>
				Virtual Microphones Angles and directivities Values. (you may connect me to the <o>hoa.recomposer~</o> object in free mode).
			</description>
		</outlet>
	</outletlist>

	<palette category="ambisonic" action="hoa.recomposer" pic="hoa.recomposer.svg" />

	<!--ARGUMENTS-->
	<objarglist/>
    
	<!--MESSAGES-->
	<methodlist>
		<method name="angles">
			<arglist />
			<digest>
				Set the Virtual microphones Angles.
			</digest>
			<description>
				Set the Virtual microphones Angles. 
				<br/>
				 - set All Mics With a list for each mics.
				<br/>
				 - set individual Mic with an (int + float) list => index, angle value.
				<br/>
				 - set the same value for all mics with a list (-1 "angle value")
			</description>
		</method>
		<method name="directivities">
			<arglist />
			<digest>
				Set the Virtual microphones Directivities.
			</digest>
			<description>
				Set the Virtual microphones Directivities. 
				<br/>
				 - set All Mics With a list for each mics.
				<br/>
				 - set individual Mic with an (int + float) list => index, angle value.
				 <br/>
				 - set the same value for all mics with a list (-1 "directivity value")
			</description>
		</method>
		<method name="set">
			<arglist />
			<digest>
				Set Angles or Microphones Directivities without causing outputs.
			</digest>
			<description>
				Set the Virtual microphones Directivities. 
				<br/>
				 - set All Mics With a list for each mics.
				<br/>
				 - set individual Mic with an (int + float) list => index, angle value.
			</description>
		</method>
		<method name="bang">
			<arglist />
			<digest>
				Outputs Current Values.
			</digest>
			<description>
				Outputs Current Values.
			</description>
		</method>
		<method name="reset">
			<arglist />
			<digest>
				Reset Angles and/or Directivities of the Mics.
			</digest>
			<description>
				Reset Angles and/or Directivities of the Mics :
				<br />
				 - "reset" reset all mics angles and directivities.
				<br />
				 - "reset angles" reset all mics angles.
				<br />
				 - "reset angles 1 3 5" reset the Mics 1 3 and 5 angles.
				<br />
				 - "reset directivities" reset all mics directivities.
				<br />
				 - "reset directivities 1 3 5" reset the Mics 1 3 and 5 directivities.
			</description>
		</method>
	</methodlist>
    
	<!--ATTRIBUTES-->
	<attributelist>
		<attribute name="nmics" type="int" size="1">
			<digest>
				Set the number of Virtual Microphones.
			</digest>
			<description>
				Set the number of Virtual Microphones.
            </description>
		</attribute>
		<attribute name="bgcolor">
			<digest>
				Background color.
			</digest>
			<description>
				Sets the RGBA values for the Background color.
            </description>
		</attribute>
		<attribute name="bordercolor">
			<digest>
				Bordercolor color.
			</digest>
			<description>
				Sets the RGBA values for the Bordercolor color.
            </description>
		</attribute>
		<attribute name="circlecolor">
			<digest>
				Circle Inner color.
			</digest>
			<description>
				Sets the RGBA values for the Circle Inner color.
            </description>
		</attribute>
		<attribute name="miccolor">
			<digest>
				Microphones color.
			</digest>
			<description>
				Sets the RGBA values for the Microphones color.
            </description>
		</attribute>
		<attribute name="selmiccolor">
			<digest>
				Selected Microphones color.
			</digest>
			<description>
				Sets the RGBA values for the Selected Microphones color.
            </description>
		</attribute>
		<attribute name="harmonicscolor">
			<digest>
				Harmonics color.
			</digest>
			<description>
				Sets the RGBA values for the Harmonics color.
            </description>
		</attribute>
		<attribute name="fisheyecolor">
			<digest>
				FishEye color.
			</digest>
			<description>
				Sets the RGBA values for the FishEye color.
            </description>
		</attribute>
		<attribute name="rectselectcolor">
			<digest>
				Rectangle Selection Color.
			</digest>
			<description>
				Sets the RGBA values for the Rectangle Selection Color.
            </description>
		</attribute>
		<attribute name="mictextcolor">
			<digest>
				Microphones Text Color.
			</digest>
			<description>
				Sets the RGBA values for the Microphones Text Color.
            </description>
		</attribute>
		<attribute name="selmictextcolor">
			<digest>
				Selected Microphones Text Color.
			</digest>
			<description>
				Sets the RGBA values for the Selected Microphones Text Color.
            </description>
		</attribute>
    </attributelist>
	<!--EXAMPLE-->
	<examplelist>
		<example img="" />
	</examplelist>
	<!--SEEALSO-->
	<seealsolist>
		<seealso name="hoa.connect" />
		<seealso name="hoa.convolve~" />
		<seealso name="hoa.dac~" />
		<seealso name="hoa.decoder~" />
		<seealso name="hoa.encoder~" />
		<seealso name="hoa.gain~" />
		<seealso name="hoa.freeverb~" />
		<seealso name="hoa.map" />
		<seealso name="hoa.map~" />
        <seealso name="hoa.meter~" />
        <seealso name="hoa.optim~" />
        <seealso name="hoa.pi" />
        <seealso name="hoa.pi~" />
        <seealso name="hoa.play~" />
        <seealso name="hoa.plug~" />
        <seealso name="hoa.projector~" />
        <seealso name="hoa.recomposer" />
        <seealso name="hoa.recomposer~" />
        <seealso name="hoa.record~" />
        <seealso name="hoa.rotate~" />
        <seealso name="hoa.scope~" />
        <seealso name="hoa.space" />
        <seealso name="hoa.space~" />
        <seealso name="hoa.vector~" />
        <seealso name="hoa.wider~" />
	</seealsolist>
</c74object>
