<?xml version="1.0" encoding="utf-8" standalone="yes"?>

<?xml-stylesheet href="./_c74_ref.xsl" type="text/xsl"?>

<!--This is an automatically generated file. DO NOT EDIT THIS FILE DIRECTLY. Rather, use the _ref.xml files found in the 'edits' folder.-->
<c74object name="hoa.connect" module="hoa" category="ambisonic">
	<digest>
		Helps you to connect Hoa's objects together.
	</digest>
	<description>
		<o>
			hoa.connect
		</o>
        helps you to connect Hoa's objects together. You must "drag-select" or "click-select" the objects in order then bang the
        <o>
            hoa.connect
        </o>
        to connect the objects together. 1st argument is the ambisonic order and the 2nd is the number of decoder outputs and dac inlets.  
	</description>
	<!--METADATA-->
	<metadatalist>
		<metadata name="author">
			HoaLibrary by Julien Colafrancesco, Pierre Guillot, Eliott Paris.
		</metadata>
		<metadata name="tag">
			Ambisonic spatialization.
		</metadata>
	</metadatalist>
	<!--INLETS-->
	<inletlist>
		<inlet id="0" name="INLET_NAME">
			<digest>
				Bang to connect.
			</digest>
			<description>
				Bang to connect the hoa's objects together.
			</description>
		</inlet>
	</inletlist>
	<!--ARGUMENTS-->
	<objarglist>
		<objarg id="0" name="ambisonic-order" type="int" optional="0">
			<digest>
				Ambisonic order
			</digest>
			<description>
				Sets the ambisonic order.
			</description>
		</objarg>
		<objarg id="1" name="loudspeaker-number" type="int" optional="0">
			<digest>
				Number of loudspeakers.
			</digest>
			<description>
				Number of loudspeakers.
			</description>
		</objarg>
	</objarglist>
	<!--MESSAGES-->
	<methodlist />
	<!--ATTRIBUTES-->
	<attributelist>
		<attribute name="poscolor" type="rgba">
			<digest>
				Positives harmonics Patchlines Color.
			</digest>
			<description>
				Sets the RGBA values for Positives harmonics Patchlines Color.
            </description>
		</attribute>
		<attribute name="negcolor" type="rgba">
			<digest>
				Negatives harmonics Patchlines Color.
			</digest>
			<description>
				Sets the RGBA values for Negatives harmonics Patchlines Color.
            </description>
		</attribute>
		<attribute name="planecolor" type="rgba">
			<digest>
				Plane Waves domain Patchlines Color.
			</digest>
			<description>
				Sets the RGBA values for Plane Waves domain Patchlines Color.
            </description>
		</attribute>
    </attributelist>
    
	<!--EXAMPLE-->
	<examplelist>
		<example img="" />
	</examplelist>
	<!--SEEALSO-->
	<seealsolist>
		<seealso name="hoa.connect" />
		<seealso name="hoa.convolve~" />
		<seealso name="hoa.dac~" />
		<seealso name="hoa.decoder~" />
		<seealso name="hoa.encoder~" />
		<seealso name="hoa.gain~" />
		<seealso name="hoa.freeverb~" />
		<seealso name="hoa.map" />
		<seealso name="hoa.map~" />
        <seealso name="hoa.meter~" />
        <seealso name="hoa.optim~" />
        <seealso name="hoa.pi" />
        <seealso name="hoa.pi~" />
        <seealso name="hoa.play~" />
        <seealso name="hoa.plug~" />
        <seealso name="hoa.projector~" />
        <seealso name="hoa.recomposer" />
        <seealso name="hoa.recomposer~" />
        <seealso name="hoa.record~" />
        <seealso name="hoa.rotate~" />
        <seealso name="hoa.scope~" />
        <seealso name="hoa.space" />
        <seealso name="hoa.space~" />
        <seealso name="hoa.vector~" />
        <seealso name="hoa.wider~" />
	</seealsolist>
</c74object>
