<?xml version="1.0" encoding="utf-8" standalone="yes"?>

<?xml-stylesheet href="./_c74_ref.xsl" type="text/xsl"?>

<!--This is an automatically generated file. DO NOT EDIT THIS FILE DIRECTLY. Rather, use the _ref.xml files found in the 'edits' folder.-->
<c74object name="hoa.pi~" module="hoa" category="ambisonic">
	<digest>
		A good pi number with Signal or float multiply factor
	</digest>
	<description>
		<o>
			hoa.pi~
		</o>
        (signal version of the well known <o>hoa.pi</o> object !) is for peoples that never remember more than 4 decimals or want to initialize a good Pi number with float or signal.
	</description>
	<!--METADATA-->
	<metadatalist>
		<metadata name="author">
			HoaLibrary by Julien Colafrancesco, Pierre Guillot, Eliott Paris.
		</metadata>
		<metadata name="tag">
			Ambisonic spatialization.
		</metadata>
	</metadatalist>
    
	<!--INLETS-->
	<inletlist>
		<inlet id="0" name="multiply-factor" type="Signal/float">
			<digest>
				Multiply PI by this Factor
			</digest>
			<description>
				compute calcul : Pi * factor.
			</description>
		</inlet>
	</inletlist>
    
	<!--OUTLETS-->
	<outletlist>
		<outlet id="0" name="computed-Pi" type="Signal">
			<digest>
				Computed Pi number.
			</digest>
			<description>
				Computed Pi number.				
			</description>
		</outlet>
	</outletlist>
    
	<!--ARGUMENTS-->
	<objarglist>
		<objarg id="0" name="factor" type="float" optional="1">
			<digest>
				factor
			</digest>
			<description>
				factor
			</description>
		</objarg>
	</objarglist>
    
	<!--MESSAGES-->
	<methodlist>
		<method name="signal">
			<arglist />
			<digest>
				compute Pi * signal value.
			</digest>
			<description>
                compute Pi * signal value.
			</description>
		</method>
		<method name="float">
			<arglist />
			<digest>
				compute Pi * float value.
			</digest>
			<description>
                compute Pi * float value.
			</description>
		</method>
		<method name="int">
			<arglist />
			<digest>
				compute Pi * int value.
			</digest>
			<description>
                compute Pi * int value.
			</description>
		</method>
	</methodlist>
    
	<!--ATTRIBUTES-->
	<attributelist />
	<!--EXAMPLE-->
	<examplelist>
		<example img="" />
	</examplelist>
	<!--SEEALSO-->
	<seealsolist>
		<seealso name="hoa.connect" />
		<seealso name="hoa.convolve~" />
		<seealso name="hoa.dac~" />
		<seealso name="hoa.decoder~" />
		<seealso name="hoa.encoder~" />
		<seealso name="hoa.gain~" />
		<seealso name="hoa.freeverb~" />
		<seealso name="hoa.map" />
		<seealso name="hoa.map~" />
        <seealso name="hoa.meter~" />
        <seealso name="hoa.optim~" />
        <seealso name="hoa.pi" />
        <seealso name="hoa.pi~" />
        <seealso name="hoa.play~" />
        <seealso name="hoa.plug~" />
        <seealso name="hoa.projector~" />
        <seealso name="hoa.recomposer" />
        <seealso name="hoa.recomposer~" />
        <seealso name="hoa.record~" />
        <seealso name="hoa.rotate~" />
        <seealso name="hoa.scope~" />
        <seealso name="hoa.space" />
        <seealso name="hoa.space~" />
        <seealso name="hoa.vector~" />
        <seealso name="hoa.wider~" />
	</seealsolist>
</c74object>
