<?xml version="1.0" encoding="utf-8" standalone="yes"?>

<?xml-stylesheet href="./_c74_ref.xsl" type="text/xsl"?>

<!--This is an automatically generated file. DO NOT EDIT THIS FILE DIRECTLY. Rather, use the _ref.xml files found in the 'edits' folder.-->
<c74object name="hoa.meter~" module="hoa" category="ambisonic">
	<digest>
		A multichannel circular meter.
	</digest>
	<description>
		<o>
			hoa.meter~
		</o>
        displays the peak levels for a circular array of loudspeakers. It computes and displays the energy and velocity vectors.
	</description>
	<!--METADATA-->
	<metadatalist>
		<metadata name="author">
			HoaLibrary by Julien Colafrancesco, Pierre Guillot, Eliott Paris.
		</metadata>
		<metadata name="tag">
			Ambisonic spatialization.
		</metadata>
		<metadata name="tag">
			MSP
		</metadata>
		<metadata name="tag">
			MSP U/I
		</metadata>
	</metadatalist>
    
	<!--INLETS-->
	<inletlist>
		<inlet id="0" name="signal">
			<digest>
				Audio inputs.
			</digest>
			<description>
				Audio inputs.
			</description>
		</inlet>
	</inletlist>
    <palette category="Ambisonic, Audio" action="hoa.meter~" pic="hoa.meter~.svg" />
	<!--ARGUMENTS-->
	<objarglist />
    
	<!--MESSAGES-->
	<methodlist>
		<method name="signal" type="signal">
			<arglist>
				<arg name="signal" optional="0" type="signal" />
			</arglist>
			<digest>
				Audio input.
			</digest>
			<description>
                Audio input : from right to left (0 to n loudspeaker).
			</description>
		</method>
	</methodlist>
    
	<!--ATTRIBUTES-->
	<attributelist>
		<attribute name="loudspeakers" type="int" size="1">
			<digest>
				Number of loudspeakers.
			</digest>
			<description>
				Specify the Number of loudspeakers.
            </description>
		</attribute>
		<attribute name="angles" type="list" size="1">
			<digest>
				Angles of Loudspeakers.
			</digest>
			<description>
				Sets the Angles of Loudspeakers.
            </description>
			<attributelist>
				<attribute name="category" get="1" set="1" type="list" size="1" value="Value" />
				<attribute name="label" get="1" set="1" type="symbol" size="1" value="Angles of Loudspeakers." />
				<attribute name="save" get="1" set="1" type="int" size="1" value="1" />
			</attributelist>
		</attribute>
		<attribute name="offset" type="float" size="1">
			<digest>
				Offset of loudspeakers.
			</digest>
			<description>
				Sets the offset of loudspeakers in degree (-180° to 180°).
            </description>
		</attribute>
		<attribute name="interval" type="float" size="1">
			<digest>
				Refresh interval time (ms).
			</digest>
			<description>
				Refresh interval time (ms).
			</description>
		</attribute>
		<attribute name="dbperled" get="1" set="1" type="int" size="1">
			<digest>
				DeciBels per Led
			</digest>
			<description>
				Sets the amount of signal level in deciBels represented by each LED. By default each LED represents a 3dB change in volume from its neighboring LEDs.
			</description>
			<attributelist>
				<attribute name="category" get="1" set="1" type="atom" size="1" value="Value" />
				<attribute name="default" get="1" set="1" type="int" size="1" value="3" />
				<attribute name="label" get="1" set="1" type="symbol" size="1" value="DeciBels per Led" />
				<attribute name="paint" get="1" set="1" type="int" size="1" value="1" />
				<attribute name="save" get="1" set="1" type="int" size="1" value="1" />
			</attributelist>
		</attribute>
		<attribute name="leds_bg" type="int" size="1">
			<digest>
				Draw Leds Background.
			</digest>
			<description>
				Draw Leds Background.
            </description>
			<attributelist>
				<attribute name="leds_bg" type="int" size="1" value="1" />
			</attributelist>
		</attribute>
		<attribute name="drawvector" type="int" size="1">
			<digest>
				Draw Vector (0 = none | 1 = energy | 2 = velocity | 3 = both).
			</digest>
			<description>
				Draw Vector (0 = none | 1 = energy | 2 = velocity | 3 = both).
            </description>
			<attributelist>
				<attribute name="draw-type" type="int" size="1" value="1" />
			</attributelist>
		</attribute>
		<attribute name="drawmborder" type="int" size="1">
			<digest>
				Draw Meter Borders (0 = none | 1 = Circles | 2 = Axes | 3 = both).
			</digest>
			<description>
				Draw Meter Borders (0 = none | 1 = Circles | 2 = Axes | 3 = both).
            </description>
			<attributelist>
				<attribute name="draw-type" type="int" size="1" value="1" />
			</attributelist>
		</attribute>
		<attribute name="orientation" type="int" size="1">
			<digest>
				Meter Fill Orientation (0 = inside | 1 = outside).
			</digest>
			<description>
				Meter Fill Orientation (0 = inside | 1 = outside).
            </description>
			<attributelist>
				<attribute name="orientation" type="int" size="1" value="1" />
			</attributelist>
		</attribute>
		<attribute name="rotation" type="int" size="1">
			<digest>
				Rotation of Loudspeakers (0 = clockwise | 1 = anti-clockwise).
			</digest>
			<description>
				Rotation of Loudspeakers (0 = clockwise | 1 = anti-clockwise).
            </description>
			<attributelist>
				<attribute name="rotation" type="int" size="1" value="1" />
			</attributelist>
		</attribute>
		<attribute name="metersize" type="float" size="1">
			<digest>
				Meter Circle Size.
			</digest>
			<description>
				Meter Circle Size.
            </description>
			<attributelist>
				<attribute name="metersize" type="float" size="1" value="0.8" />
				<attribute name="default" get="1" set="1" type="float" size="1" value="0.8" />
			</attributelist>
		</attribute>
		<attribute name="nhotleds" get="1" set="1" type="int" size="1">
			<digest>
				Number of Hot Leds
			</digest>
			<description>
				Sets the total number &quot;hot&quot; warning LEDs displayed on the <o>hoa.meter~</o> object (corresponding to the color set by the <m>rgba2</m> message).
			</description>
			<attributelist>
				<attribute name="category" get="1" set="1" type="atom" size="1" value="Value" />
				<attribute name="default" get="1" set="1" type="int" size="1" value="3" />
				<attribute name="label" get="1" set="1" type="symbol" size="1" value="Number of Hot Leds" />
				<attribute name="paint" get="1" set="1" type="int" size="1" value="1" />
				<attribute name="save" get="1" set="1" type="int" size="1" value="1" />
			</attributelist>
		</attribute>
		<attribute name="ntepidleds" get="1" set="1" type="int" size="1">
			<digest>
				Number of Tepid Leds
			</digest>
			<description>
				Sets the total number &quot;tepid&quot; mid-range LEDs displayed on the <o>hoa.meter~</o> object (corresponding to the color set by the <m>rgba5</m> message).
			</description>
			<attributelist>
				<attribute name="category" get="1" set="1" type="atom" size="1" value="Value" />
				<attribute name="default" get="1" set="1" type="int" size="1" value="3" />
				<attribute name="label" get="1" set="1" type="symbol" size="1" value="Number of Tepid Leds" />
				<attribute name="paint" get="1" set="1" type="int" size="1" value="1" />
				<attribute name="save" get="1" set="1" type="int" size="1" value="1" />
			</attributelist>
		</attribute>
		<attribute name="numleds" get="1" set="1" type="int" size="1">
			<digest>
				Total Number of Leds
			</digest>
			<description>
				The word <m>numleds</m>, followed by a number between 10 and 20, sets the total number of LEDs displayed on the <o>hoa.meter~</o> object. The range is 10-20 LEDs.
			</description>
			<attributelist>
				<attribute name="basic" get="1" set="1" type="int" size="1" value="1" />
				<attribute name="category" get="1" set="1" type="atom" size="1" value="Value" />
				<attribute name="default" get="1" set="1" type="int" size="1" value="12" />
				<attribute name="label" get="1" set="1" type="symbol" size="1" value="Total Number of Leds" />
				<attribute name="paint" get="1" set="1" type="int" size="1" value="1" />
				<attribute name="save" get="1" set="1" type="int" size="1" value="1" />
			</attributelist>
		</attribute>
		<attribute name="nwarmleds" get="1" set="1" type="int" size="1">
			<digest>
				Number of Warm Leds
			</digest>
			<description>
				Sets the total number &quot;warm&quot; lower-mid-range LEDs displayed on the <o>hoa.meter~</o> object (corresponding to the color set by the <m>rgba4</m> message).
			</description>
			<attributelist>
				<attribute name="category" get="1" set="1" type="atom" size="1" value="Value" />
				<attribute name="default" get="1" set="1" type="int" size="1" value="3" />
				<attribute name="label" get="1" set="1" type="symbol" size="1" value="Number of Warm Leds" />
				<attribute name="paint" get="1" set="1" type="int" size="1" value="1" />
				<attribute name="save" get="1" set="1" type="int" size="1" value="1" />
			</attributelist>
		</attribute>
		<attribute name="bgcolor" type="rgba" size="4">
			<digest>
				Background color
			</digest>
			<description>
				Sets the RGBA values for the Background color.
            </description>
		</attribute>
		<attribute name="mbgcolor" type="rgba" size="4">
			<digest>
				Meter background color.
			</digest>
			<description>
				Sets the RGBA values for the Meter background color.
            </description>
		</attribute>
		<attribute name="bordercolor" type="rgba" size="4">
			<digest>
				Box border color.
			</digest>
			<description>
				Sets the RGBA values for the box border color.
            </description>
		</attribute>
		<attribute name="mbordercolor" type="rgba" size="4">
			<digest>
				Meter border color.
			</digest>
			<description>
				Sets the RGBA values for the Meter border color.
            </description>
		</attribute>
		<attribute name="cicolor" type="rgba" size="4">
			<digest>
				Circle color.
			</digest>
			<description>
				Sets the RGBA values for the Circle color.
            </description>
		</attribute>
		<attribute name="coldcolor" type="rgba" size="4">
			<digest>
				Cold color.
			</digest>
			<description>
				Sets the RGBA values for the Cold color.
            </description>
		</attribute>
		<attribute name="energycolor" type="rgba" size="4">
			<digest>
				Energy color.
			</digest>
			<description>
				Sets the RGBA values for the Energy color.
            </description>
		</attribute>
		<attribute name="hotcolor" type="rgba" size="4">
			<digest>
				Hot color.
			</digest>
			<description>
				Sets the RGBA values for the Hot color.
            </description>
		</attribute>
		<attribute name="overcolor" type="rgba" size="4">
			<digest>
				Over color.
			</digest>
			<description>
				Sets the RGBA values for the Over color.
            </description>
		</attribute>
		<attribute name="tepidcolor" type="rgba" size="4">
			<digest>
				Tepid color.
			</digest>
			<description>
				Sets the RGBA values for the Tepid color.
            </description>
		</attribute>
		<attribute name="warmcolor" type="rgba" size="4">
			<digest>
				Warm color.
			</digest>
			<description>
				Sets the RGBA values for the Warm color.
            </description>
		</attribute>
	</attributelist>
	<!--EXAMPLE-->
	<examplelist>
		<example img="" />
	</examplelist>
	<!--SEEALSO-->
	<seealsolist>
		<seealso name="hoa.connect" />
		<seealso name="hoa.convolve~" />
		<seealso name="hoa.dac~" />
		<seealso name="hoa.decoder~" />
		<seealso name="hoa.encoder~" />
		<seealso name="hoa.gain~" />
		<seealso name="hoa.freeverb~" />
		<seealso name="hoa.map" />
		<seealso name="hoa.map~" />
        <seealso name="hoa.meter~" />
        <seealso name="hoa.optim~" />
        <seealso name="hoa.pi" />
        <seealso name="hoa.pi~" />
        <seealso name="hoa.play~" />
        <seealso name="hoa.plug~" />
        <seealso name="hoa.projector~" />
        <seealso name="hoa.recomposer" />
        <seealso name="hoa.recomposer~" />
        <seealso name="hoa.record~" />
        <seealso name="hoa.rotate~" />
        <seealso name="hoa.scope~" />
        <seealso name="hoa.space" />
        <seealso name="hoa.space~" />
        <seealso name="hoa.vector~" />
        <seealso name="hoa.wider~" />
	</seealsolist>
</c74object>
