<?xml version="1.0" encoding="utf-8" standalone="yes"?>

<?xml-stylesheet href="./_c74_ref.xsl" type="text/xsl"?>

<!--This is an automatically generated file. DO NOT EDIT THIS FILE DIRECTLY. Rather, use the _ref.xml files found in the 'edits' folder.-->
<c74object name="hoa.encoder~" module="hoa" category="ambisonic">
	<digest>
		An ambisonic encoder.
	</digest>
	<description>
		<o>
			hoa.encoder~
		</o>
        encodes a signal in the circular harmonics domain depending on an order of decomposition and an angle.
	</description>
    
	<!--METADATA-->
	<metadatalist>
		<metadata name="author">
			HoaLibrary by Julien Colafrancesco, Pierre Guillot, Eliott Paris.
		</metadata>
		<metadata name="tag">
			Ambisonic spatialization.
		</metadata>
	</metadatalist>
    
	<!--INLETS-->
	<inletlist>
		<inlet id="0" name="signal">
			<digest>
				Signal inputs.
			</digest>
			<description>
				Signal inputs.
			</description>
		</inlet>
		<inlet id="1" name="signal/float">
			<digest>
				Azimuth position.
			</digest>
			<description>
				Azimuth position.
			</description>
		</inlet>
	</inletlist>
    
	<!--OUTLETS-->
	<outletlist>
		<outlet id="0" name="signal">
			<digest>
				Encoded signal outputs. (harmonic n).
			</digest>
			<description>
				Encoded signal outputs. (harmonic n).
			</description>
		</outlet>
	</outletlist>
    
	<!--ARGUMENTS-->
	<objarglist>
		<objarg id="0" name="ambisonic-order" type="int" optional="0">
			<digest>
				Ambisonic order.
			</digest>
			<description>
                Sets the Ambisonic order.
			</description>
		</objarg>
		<objarg id="1" name="split-mode" type="symbol" optional="1">
			<digest>
				type 'split' to enter in split mode.
			</digest>
			<description>
                With split mode, inputs are splited by the given order.
			</description>
		</objarg>
	</objarglist>
    
	<!--MESSAGES-->
	<methodlist>
		<method name="signal">
			<arglist />
			<digest>
                Signal inputs.
			</digest>
			<description>
				Signal inputs.
			</description>
		</method>
		<method name="Azimuth" type="signal/float">
			<arglist />
			<digest>
                Signal or Float sets the Azimuth value.
			</digest>
			<description>
				Signal or Float sets the Azimuth value.
			</description>
		</method>
	</methodlist>
    
	<!--ATTRIBUTES-->
	<attributelist />
	<!--EXAMPLE-->
	<examplelist>
		<example img="" />
	</examplelist>
	<!--SEEALSO-->
	<seealsolist>
		<seealso name="hoa.connect" />
		<seealso name="hoa.convolve~" />
		<seealso name="hoa.dac~" />
		<seealso name="hoa.decoder~" />
		<seealso name="hoa.encoder~" />
		<seealso name="hoa.gain~" />
		<seealso name="hoa.freeverb~" />
		<seealso name="hoa.map" />
		<seealso name="hoa.map~" />
        <seealso name="hoa.meter~" />
        <seealso name="hoa.optim~" />
        <seealso name="hoa.pi" />
        <seealso name="hoa.pi~" />
        <seealso name="hoa.play~" />
        <seealso name="hoa.plug~" />
        <seealso name="hoa.projector~" />
        <seealso name="hoa.recomposer" />
        <seealso name="hoa.recomposer~" />
        <seealso name="hoa.record~" />
        <seealso name="hoa.rotate~" />
        <seealso name="hoa.scope~" />
        <seealso name="hoa.space" />
        <seealso name="hoa.space~" />
        <seealso name="hoa.vector~" />
        <seealso name="hoa.wider~" />
	</seealsolist>
</c74object>
