<?xml version="1.0" encoding="utf-8" standalone="yes"?>

<?xml-stylesheet href="./_c74_ref.xsl" type="text/xsl"?>

<!--This is an automatically generated file. DO NOT EDIT THIS FILE DIRECTLY. Rather, use the _ref.xml files found in the 'edits' folder.-->
<c74object name="hoa.optim~"  module="hoa" category="ambisonic">
	<digest>
		An ambisonic optimization external.
	</digest>
	<description>
		<o>
			hoa.optim~
		</o>
        weights the circular harmonics signals depending to the ambisonic optimization. It can be "basic" for no optimization, "maxRe" or "inPhase".
	</description>
	<!--METADATA-->
	<metadatalist>
		<metadata name="author">
			HoaLibrary by Julien Colafrancesco, Pierre Guillot, Eliott Paris.
		</metadata>
		<metadata name="tag">
			Ambisonic spatialization.
		</metadata>
	</metadatalist>
    
	<!--INLETS-->
	<inletlist>
		<inlet id="0" name="signal">
			<digest>
				Harmonics signal input.
			</digest>
			<description>
				Harmonics signal input.
			</description>
		</inlet>
	</inletlist>
    
	<!--OUTLETS-->
	<outletlist>
		<outlet id="0" name="signal">
			<digest>
				Optimized harmonics signal outputs.
			</digest>
			<description>
				Optimized harmonics signal outputs.
			</description>
		</outlet>
	</outletlist>
    
	<!--ARGUMENTS-->
	<objarglist>
		<objarg id="0" name="ambisonic-order" type="int" optional="0">
			<digest>
				Ambisonic order.
			</digest>
			<description>
				Sets the Ambisonic order.
			</description>
		</objarg>
	</objarglist>
    
	<!--MESSAGES-->
	<methodlist/>
    
	<!--ATTRIBUTES-->
	<attributelist>
		<attribute name="optim" get="1" set="1" type="symbol" size="1">
			<digest>
				Change optimization method.
			</digest>
			<description>
				Change optimization method : (basic | maxRe | inPhase) : <br/>
					- basic : no optimization <br/>
					- maxRe : is used when auditory is confined to the center of the circle.<br/>
					- inPhase : is used when the auditory covers all the circle. <br/>
				The default mode is basic. <br/>
				PS : it's not always true.. For example, diffused sound field don't need optimization.
				You should trust your ears.
			</description>
		</attribute>
	</attributelist>

	<!--EXAMPLE-->
	<examplelist>
		<example img="" />
	</examplelist>
	<!--SEEALSO-->
	<seealsolist>
		<seealso name="hoa.connect" />
		<seealso name="hoa.convolve~" />
		<seealso name="hoa.dac~" />
		<seealso name="hoa.decoder~" />
		<seealso name="hoa.encoder~" />
		<seealso name="hoa.gain~" />
		<seealso name="hoa.freeverb~" />
		<seealso name="hoa.map" />
		<seealso name="hoa.map~" />
        <seealso name="hoa.meter~" />
        <seealso name="hoa.optim~" />
        <seealso name="hoa.pi" />
        <seealso name="hoa.pi~" />
        <seealso name="hoa.play~" />
        <seealso name="hoa.plug~" />
        <seealso name="hoa.projector~" />
        <seealso name="hoa.recomposer" />
        <seealso name="hoa.recomposer~" />
        <seealso name="hoa.record~" />
        <seealso name="hoa.rotate~" />
        <seealso name="hoa.scope~" />
        <seealso name="hoa.space" />
        <seealso name="hoa.space~" />
        <seealso name="hoa.vector~" />
        <seealso name="hoa.wider~" />
	</seealsolist>
</c74object>
