<?xml version="1.0" encoding="utf-8" standalone="yes"?>

<?xml-stylesheet href="./_c74_ref.xsl" type="text/xsl"?>

<!--This is an automatically generated file. DO NOT EDIT THIS FILE DIRECTLY. Rather, use the _ref.xml files found in the 'edits' folder.-->
<c74object name="hoa.recomposer~" module="hoa" category="ambisonic">
	<digest>
		An ambisonic recomposer external.
	</digest>
	<description>
		<o>
			hoa.recomposer~
		</o>
        recomposes a plane wave decomposition into circular harmonics and applies sound field transformations.
	</description>
	<!--METADATA-->
	<metadatalist>
		<metadata name="author">
			HoaLibrary by Julien Colafrancesco, Pierre Guillot, Eliott Paris.
		</metadata>
		<metadata name="tag">
			Ambisonic spatialization.
		</metadata>
	</metadatalist>
    
	<!--INLETS-->
	<inletlist>
		<inlet id="0" name="signal">
			<digest>
				Virtual microphones inputs.
			</digest>
			<description>
				Virtual microphones	inputs.			
			</description>
		</inlet>
		<inlet id="1" name="signal">
			<digest>
				Last inlet manage fisheye factor (0 - 1) : Contraction of the soundfield. (only in fisheye mode).
			</digest>
			<description>
				Last inlet manage fisheye factor (0 - 1) : Contraction of the soundfield. (only in fisheye mode).	
			</description>
		</inlet>
	</inletlist>
    
	<!--OUTLETS-->
	<outletlist>
		<outlet id="0" name="signal">
			<digest>
				Harmonics signal outputs.
			</digest>
			<description>
				Harmonics signal outputs.
			</description>
		</outlet>
	</outletlist>
    
	<!--ARGUMENTS-->
	<objarglist>
		<objarg id="0" name="ambisonic-order" type="int" optional="0">
			<digest>
				Ambisonic order
			</digest>
			<description>
				Sets the Ambisonic order
			</description>
		</objarg>
		<objarg id="1" name="loudspeaker-number" type="int" optional="0">
			<digest>
				Number of loudspeakers.
			</digest>
			<description>
				Number of loudspeakers.
			</description>
		</objarg>
	</objarglist>
    
	<!--MESSAGES-->
	<methodlist>
		<method name="signal">
			<arglist />
			<digest>
				Harmonics signal inputs.
			</digest>
			<description>
                Harmonics signal inputs.
			</description>
		</method>
		<method name="fisheye-factor">
			<arglist />
			<digest>
				Set the FishEye Factor (0-1) (only in fisheye mode).
			</digest>
			<description>
                Set the FishEye Factor (0-1) (only in fisheye mode).
			</description>
		</method>
		<method name="angles">
			<arglist />
			<digest>
				Set the Microphones Angles. (only in free mode).
			</digest>
			<description>
                Set the Microphones Angles. (only in free mode).
			</description>
		</method>
		<method name="directivities">
			<arglist />
			<digest>
				Set the Microphones Directivities. (only in free mode)
			</digest>
			<description>
                Set the Microphones Directivities. (only in free mode)
			</description>
		</method>
	</methodlist>
    
	<!--ATTRIBUTES-->
	<attributelist>
		<attribute name="mode" type="int" size="1">
			<digest>
				Set the Mode (fixe, fisheye, free).
			</digest>
			<description>
				Set the Mode (fixe, fisheye, free).
            </description>
		</attribute>
		<attribute name="ramp" type="float" size="1">
			<digest>
				Set the Ramp Time (ms) (only for free mode).
			</digest>
			<description>
				Set the Ramp Time (ms) (only for free mode).
            </description>
		</attribute>
	</attributelist>

	<!--EXAMPLE-->
	<examplelist>
		<example img="" />
	</examplelist>
	<!--SEEALSO-->
	<seealsolist>
		<seealso name="hoa.connect" />
		<seealso name="hoa.convolve~" />
		<seealso name="hoa.dac~" />
		<seealso name="hoa.decoder~" />
		<seealso name="hoa.encoder~" />
		<seealso name="hoa.gain~" />
		<seealso name="hoa.freeverb~" />
		<seealso name="hoa.map" />
		<seealso name="hoa.map~" />
        <seealso name="hoa.meter~" />
        <seealso name="hoa.optim~" />
        <seealso name="hoa.pi" />
        <seealso name="hoa.pi~" />
        <seealso name="hoa.play~" />
        <seealso name="hoa.plug~" />
        <seealso name="hoa.projector~" />
        <seealso name="hoa.recomposer" />
        <seealso name="hoa.recomposer~" />
        <seealso name="hoa.record~" />
        <seealso name="hoa.rotate~" />
        <seealso name="hoa.scope~" />
        <seealso name="hoa.space" />
        <seealso name="hoa.space~" />
        <seealso name="hoa.vector~" />
        <seealso name="hoa.wider~" />
	</seealsolist>
</c74object>
