<?xml version="1.0" encoding="utf-8" standalone="yes"?>

<?xml-stylesheet href="./_c74_ref.xsl" type="text/xsl"?>

<!--This is an automatically generated file. DO NOT EDIT THIS FILE DIRECTLY. Rather, use the _ref.xml files found in the 'edits' folder.-->
<c74object name="hoa.decoder~" module="hoa" category="ambisonic">
	<digest>
		An ambisonic decoder.
	</digest>
	<description>
		<o>
			hoa.decoder~ 
		</o>
        decodes an ambisonic sound field for several loudspeakers configurations or for headphones (eg. ambisonic | binaural | 5.1 | stereo..).
	</description>
	<!--METADATA-->
	<metadatalist>
		<metadata name="author">
			HoaLibrary by Julien Colafrancesco, Pierre Guillot, Eliott Paris.
		</metadata>
		<metadata name="tag">
			Ambisonic spatialization.
		</metadata>
	</metadatalist>
    
	<!--INLETS-->
	<inletlist>
		<inlet id="0" name="signal">
			<digest>
				Harmonics signal inputs.
			</digest>
			<description>
				Harmonics signal inputs.
			</description>
		</inlet>
	</inletlist>
    
	<!--OUTLETS-->
	<outletlist>
		<outlet id="0" name="OUTLET_NAME">
			<digest>
				Audio outputs.
			</digest>
			<description>
				decoded signal outputs.
			</description>
		</outlet>
	</outletlist>
    
	<!--ARGUMENTS-->
	<objarglist>
		<objarg id="0" name="ambisonic-order" type="int" optional="0">
			<digest>
				Ambisonic order.
			</digest>
			<description>
                Sets the Ambisonic order.
			</description>
		</objarg>
	</objarglist>
    
	<!--MESSAGES-->
	<methodlist>
		<method name="signal">
			<arglist />
			<digest>
				Harmonics signal inputs.
			</digest>
			<description>
                Harmonics signal inputs.
			</description>
		</method>
	</methodlist>
    
	<!--ATTRIBUTES-->
	<!--ATTRIBUTES-->
	<attributelist>
		<attribute name="mode" get="1" set="1" type="symbol" size="1">
			<digest>
				Decoding mode (ambisonis | binaural | irregular).
			</digest>
			<description>
				Set the Decoding mode (ambisonic | binaural | irregular) : <br/>
					- ambisonic for a regular loudspeakers repartition over a circular array. <br/>
					- binaural for headphones. <br/>
					- irregular for an irregular loudspeakers repartition over a circular array (eg. 5.1, stereo...). FYI : irregular decoding degrades the soundfield restitution compared to ambisonic decoding. The soundfield energy is no more homogeneous all over the circle. <br/>
				The default mode is ambisonic for an array of 2 * order + 2 loudspeakers.
			</description>
		</attribute>
		<attribute name="loudspeakers" get="1" set="1" type="int" size="1">
			<digest>
				Number of Loudspeakers.
			</digest>
			<description>
				Sets The number of Loudspeakers. <br/>
				 	- In ambisonic mode the number of Loudspeakers must be at least equal to (2 * order) + 1 . <br/>
				 	- In binaural mode the number of Loudspeakers is automatically fixed at 2 . <br/>
				 	- In irregular mode the number of Loudspeakers can be set to 1. (mono), 2. (stereo), 3. (Surround), 4. (Quadriphonie), 5.1, 6.1, 7.1., 8., .. <br/>
				The default mode is ambisonic for an array of 2 * order + 2 loudspeakers.
			</description>
		</attribute>
		<attribute name="pinnaesize" get="1" set="1" type="symbol" size="1">
			<digest>
				Set the Pinnae Size. (small | large). (only for binaural mode).
			</digest>
			<description>
				Set the Pinnae Size. (small | large). (only for binaural mode).<br/>
				The default binaural pinna size is small.
			</description>
		</attribute>
		<attribute name="angles" get="1" set="1" type="float [varsize]" size="1">
			<digest>
				Set the Angles of Loudspeakers. (only for irregular mode).
			</digest>
			<description>
				Set the Angles of Loudspeakers. (only for irregular mode).
			</description>
		</attribute>
		<attribute name="restitution" get="1" set="1" type="symbol" size="1">
			<digest>
				Set the Restitution Mode (panning | projection). (only for irregular mode).
			</digest>
			<description>
				Set the Restitution Mode (panning | projection). (only for irregular mode). <br/>
				The optimization can be done by amplitude panning (panning - default) or by virtualizing low directivity microphones (projection). The efficiency of the process depends of the configuration. Generally, you should use panning optimization when loudspeakers are not equally display over the circle and projection in the other case.
			</description>
		</attribute>
		<attribute name="autoconnect" get="1" set="1" type="int" size="1">
			<digest>
				Turn on/off the autoconnect mode.
			</digest>
			<description>
				Turn on/off the autoconnect mode. <br/>
				When the autoconnect mode is set to 1, and you change dynamically the number of loudspeakers or the loudspeakers angles, a message will automatically be sent to the <o>hoa.meter~</o>, <o>hoa.gain~</o> and <o>hoa.dac~</o> objects to adapt their behaviors and reconnect them together for you.
			</description>
		</attribute>
	</attributelist>

	<!--EXAMPLE-->
	<examplelist>
		<example img="" />
	</examplelist>
	<!--SEEALSO-->
	<seealsolist>
		<seealso name="hoa.connect" />
		<seealso name="hoa.convolve~" />
		<seealso name="hoa.dac~" />
		<seealso name="hoa.decoder~" />
		<seealso name="hoa.encoder~" />
		<seealso name="hoa.gain~" />
		<seealso name="hoa.freeverb~" />
		<seealso name="hoa.map" />
		<seealso name="hoa.map~" />
        <seealso name="hoa.meter~" />
        <seealso name="hoa.optim~" />
        <seealso name="hoa.pi" />
        <seealso name="hoa.pi~" />
        <seealso name="hoa.play~" />
        <seealso name="hoa.plug~" />
        <seealso name="hoa.projector~" />
        <seealso name="hoa.recomposer" />
        <seealso name="hoa.recomposer~" />
        <seealso name="hoa.record~" />
        <seealso name="hoa.rotate~" />
        <seealso name="hoa.scope~" />
        <seealso name="hoa.space" />
        <seealso name="hoa.space~" />
        <seealso name="hoa.vector~" />
        <seealso name="hoa.wider~" />
	</seealsolist>
</c74object>
