{ 
    "patcher" : 
    { 
        "rect" : [ 0.000000, 0.000000, 1000.000000, 1000.000000 ], 
        "bgcolor" : [ 1.000000, 1.000000, 1.000000, 1.000000 ], 
        "bglocked" : 0,
        "defrect" : [ 10.000000, 59.000000, 1176.000000, 668.000000 ], 
        "boxes" : [
        {
            "box" : 
            { 
                    "maxclass" : "fpic",
                    "boxalpha" : 1.000000, 
                    "presentation" : 0, 
                    "destrect" : [ 0.000000, 0.000000, 0.000000, 0.000000 ], 
                    "patching_rect" : [ 241.000000, 244.000000, 225.000000, 225.000000 ], 
                    "autofit" : 1, 
                    "id" : "hoa.meter~", 
                    "ignoreclick" : 0, 
                    "hidden" : 0,
                    "fontname" : "Courier", 
                    "pic" : "hoa.meter~.svg", 
                    "xoffset" : 0.000000, 
                    "yoffset" : 0.000000, 
                    "background" : 0, 
                    "presentation_rect" : [ 0.000000, 0.000000, 0.000000, 0.000000 ], 
                    "fontsize" : 14.000000, 

                    "instance_attributes" : 
                    {
                        "palette_category" : [ "HoaLib", "Interface", "Recent" ], 
                        "palette_caption" : "hoa.meter~",
                        "palette_action" : "hoa.meter~" 
                    }
            }
        },
        {
            "box" : 
            { 
                    "maxclass" : "fpic",
                    "boxalpha" : 1.000000, 
                    "presentation" : 0, 
                    "destrect" : [ 0.000000, 0.000000, 0.000000, 0.000000 ], 
                    "patching_rect" : [ 241.000000, 244.000000, 225.000000, 225.000000 ], 
                    "autofit" : 1, 
                    "id" : "hoa.scope~", 
                    "ignoreclick" : 0, 
                    "hidden" : 0,
                    "fontname" : "Courier", 
                    "pic" : "hoa.scope~.svg", 
                    "xoffset" : 0.000000, 
                    "yoffset" : 0.000000, 
                    "background" : 0, 
                    "presentation_rect" : [ 0.000000, 0.000000, 0.000000, 0.000000 ], 
                    "fontsize" : 14.000000, 

                    "instance_attributes" : 
                    {
                        "palette_category" : [ "HoaLib", "Interface", "Recent" ], 
                        "palette_caption" : "hoa.scope~",
                        "palette_action" : "hoa.scope~" 
                    }
            }
        },
        {
            "box" : 
            { 
                    "maxclass" : "fpic",
                    "boxalpha" : 1.000000, 
                    "presentation" : 0, 
                    "destrect" : [ 0.000000, 0.000000, 0.000000, 0.000000 ], 
                    "patching_rect" : [ 250.000000, 250.000000, 250.000000, 250.000000 ], 
                    "autofit" : 1, 
                    "id" : "hoa.map", 
                    "ignoreclick" : 0, 
                    "hidden" : 0,
                    "fontname" : "Courier", 
                    "pic" : "hoa.map.svg", 
                    "xoffset" : 0.000000, 
                    "yoffset" : 0.000000, 
                    "background" : 0, 
                    "presentation_rect" : [ 0.000000, 0.000000, 0.000000, 0.000000 ], 
                    "fontsize" : 14.000000, 

                    "instance_attributes" : 
                    {
                        "palette_category" : [ "HoaLib", "Interface", "Recent" ], 
                        "palette_caption" : "hoa.map",
                        "palette_action" : "hoa.map" 
                    }
            }
        },
        {
            "box" : 
            { 
                    "maxclass" : "fpic",
                    "boxalpha" : 1.000000, 
                    "presentation" : 0, 
                    "destrect" : [ 0.000000, 0.000000, 0.000000, 0.000000 ], 
                    "patching_rect" : [ 250.000000, 250.000000, 250.000000, 250.000000 ], 
                    "autofit" : 1, 
                    "id" : "hoa.space", 
                    "ignoreclick" : 0, 
                    "hidden" : 0,
                    "fontname" : "Courier", 
                    "pic" : "hoa.space.svg", 
                    "xoffset" : 0.000000, 
                    "yoffset" : 0.000000, 
                    "background" : 0, 
                    "presentation_rect" : [ 0.000000, 0.000000, 0.000000, 0.000000 ], 
                    "fontsize" : 14.000000, 

                    "instance_attributes" : 
                    {
                        "palette_category" : [ "HoaLib", "Interface", "Recent" ], 
                        "palette_caption" : "hoa.space",
                        "palette_action" : "hoa.space" 
                    }
            }
        }
], 
"lines" : [ ] } }